ICB Sub location,GP_ODS_CODE
16C,A81001
16C,A81002
16C,A81004
16C,A81005
16C,A81006
16C,A81007
16C,A81009
16C,A81011
16C,A81012
16C,A81013
16C,A81014
16C,A81016
16C,A81017
16C,A81018
16C,A81019
16C,A81020
16C,A81021
16C,A81022
16C,A81023
16C,A81025
16C,A81026
16C,A81027
16C,A81029
16C,A81030
16C,A81031
16C,A81032
16C,A81034
16C,A81035
16C,A81036
16C,A81037
16C,A81038
16C,A81039
16C,A81040
16C,A81041
16C,A81042
16C,A81044
16C,A81045
16C,A81046
16C,A81048
16C,A81049
16C,A81051
16C,A81052
16C,A81053
16C,A81054
16C,A81056
16C,A81057
16C,A81058
16C,A81060
16C,A81063
16C,A81064
16C,A81065
16C,A81066
16C,A81067
16C,A81070
16C,A81602
16C,A81608
16C,A81610
16C,A81611
16C,A81612
16C,A81618
16C,A81621
16C,A81622
16C,A81629
16C,A81631
01K,A82003
01H,A82004
01K,A82005
01H,A82006
01K,A82007
01K,A82008
01K,A82009
01K,A82010
01H,A82012
01H,A82013
01H,A82014
01H,A82015
01H,A82016
01H,A82018
01H,A82020
01H,A82021
01H,A82022
01H,A82023
01H,A82024
01K,A82025
01K,A82026
01K,A82027
01H,A82028
01H,A82029
01K,A82030
01H,A82031
01H,A82032
01K,A82033
01H,A82035
01H,A82036
01H,A82037
01H,A82038
01K,A82039
01H,A82041
01H,A82044
01H,A82045
01K,A82046
01H,A82047
01K,A82053
01H,A82055
01K,A82062
01H,A82064
01K,A82068
01K,A82070
01K,A82071
01K,A82072
01H,A82075
01K,A82608
01K,A82613
01H,A82617
01H,A82620
01K,A82629
01H,A82631
01H,A82646
01K,A82647
01K,A82650
01K,A82651
01H,A82654
84H,A83001
84H,A83003
16C,A83005
16C,A83006
84H,A83007
84H,A83008
84H,A83009
16C,A83010
84H,A83011
84H,A83012
16C,A83013
84H,A83014
84H,A83015
84H,A83016
84H,A83018
84H,A83020
84H,A83021
84H,A83022
84H,A83023
84H,A83024
84H,A83025
84H,A83026
84H,A83027
84H,A83028
84H,A83029
84H,A83030
16C,A83031
84H,A83032
84H,A83033
16C,A83034
84H,A83035
84H,A83036
84H,A83037
84H,A83038
16C,A83040
84H,A83041
84H,A83043
84H,A83044
84H,A83045
84H,A83046
16C,A83047
16C,A83048
84H,A83049
84H,A83050
84H,A83051
84H,A83052
84H,A83054
84H,A83055
84H,A83057
84H,A83060
84H,A83061
84H,A83066
16C,A83070
84H,A83071
84H,A83072
84H,A83073
84H,A83074
84H,A83075
84H,A83610
84H,A83616
84H,A83617
84H,A83618
84H,A83619
84H,A83622
84H,A83626
84H,A83627
84H,A83634
84H,A83635
84H,A83636
84H,A83637
16C,A83641
84H,A83644
00L,A84002
00L,A84005
00L,A84006
00L,A84007
00L,A84008
00L,A84009
00L,A84011
00L,A84013
00L,A84014
00L,A84016
00L,A84018
00L,A84020
00L,A84022
00L,A84024
00L,A84025
00L,A84026
00L,A84027
00L,A84028
00L,A84029
00L,A84030
00L,A84031
00L,A84033
00L,A84034
00L,A84035
00L,A84036
00L,A84037
00L,A84038
00L,A84039
00L,A84040
00L,A84042
00L,A84044
00L,A84045
00L,A84047
00L,A84604
00L,A84614
00L,A84619
13T,A85001
13T,A85002
13T,A85004
13T,A85005
13T,A85006
13T,A85007
13T,A85008
13T,A85009
13T,A85010
13T,A85011
13T,A85013
13T,A85014
13T,A85016
13T,A85017
13T,A85018
13T,A85019
13T,A85020
13T,A85021
13T,A85024
13T,A85026
13T,A85611
13T,A85614
13T,A85616
13T,A85617
13T,A86003
13T,A86004
99C,A86005
13T,A86006
13T,A86008
13T,A86010
13T,A86011
13T,A86012
13T,A86013
99C,A86016
13T,A86017
13T,A86018
13T,A86020
13T,A86021
13T,A86022
13T,A86023
13T,A86024
13T,A86025
13T,A86026
13T,A86027
13T,A86028
13T,A86029
13T,A86030
13T,A86031
13T,A86033
13T,A86037
13T,A86038
13T,A86040
99C,A86041
13T,A86601
99C,A87002
99C,A87004
99C,A87005
99C,A87007
99C,A87008
99C,A87009
99C,A87011
99C,A87012
99C,A87013
99C,A87016
99C,A87017
99C,A87020
99C,A87022
99C,A87029
99C,A87030
99C,A87612
99C,A87615
00N,A88001
00N,A88002
00N,A88003
00N,A88004
00N,A88005
00N,A88006
00N,A88008
00N,A88009
00N,A88010
00N,A88012
00N,A88013
00N,A88014
00N,A88015
00N,A88016
00N,A88022
00N,A88023
00N,A88025
00N,A88601
00N,A88608
00N,A88613
00P,A89001
00P,A89002
00P,A89004
00P,A89005
00P,A89006
00P,A89007
00P,A89008
00P,A89009
00P,A89010
00P,A89011
00P,A89012
00P,A89013
00P,A89015
00P,A89016
00P,A89017
00P,A89018
00P,A89019
00P,A89020
00P,A89021
00P,A89022
00P,A89023
00P,A89024
00P,A89025
00P,A89026
00P,A89027
00P,A89028
00P,A89030
00P,A89031
00P,A89032
00P,A89034
00P,A89035
00P,A89036
00P,A89040
00P,A89041
00P,A89614
00P,A89616
00P,A89617
00P,A89623
03H,B81003
02Y,B81004
03K,B81005
02Y,B81006
03K,B81007
03F,B81008
02Y,B81009
03F,B81011
03H,B81012
02Y,B81013
03H,B81015
03H,B81016
03F,B81017
03F,B81018
03F,B81020
03K,B81022
02Y,B81024
02Y,B81025
03K,B81026
03F,B81027
02Y,B81029
03H,B81030
03H,B81031
03F,B81032
02Y,B81034
03F,B81035
03Q,B81036
02Y,B81037
03F,B81038
03H,B81039
03F,B81040
02Y,B81041
03K,B81043
03K,B81045
03F,B81046
03F,B81047
03F,B81048
02Y,B81051
03F,B81054
02Y,B81061
03K,B81063
03K,B81064
02Y,B81068
02Y,B81069
03F,B81074
03F,B81075
02Y,B81082
03F,B81085
03H,B81087
02Y,B81088
03K,B81090
03H,B81091
02Y,B81092
03F,B81097
03K,B81099
02Y,B81100
02Y,B81101
03F,B81104
03H,B81108
03K,B81109
03F,B81112
03K,B81113
03K,B81118
03F,B81119
03H,B81606
03F,B81616
03K,B81617
02Y,B81619
03K,B81628
03F,B81631
03F,B81635
03H,B81642
03K,B81647
03K,B81648
02Y,B81653
03H,B81655
03H,B81656
03H,B81663
03H,B81665
02Y,B81666
03H,B81697
03Q,B82002
42D,B82004
03Q,B82005
36J,B82007
42D,B82008
42D,B82010
42D,B82011
42D,B82012
42D,B82013
42D,B82014
42D,B82016
42D,B82017
03Q,B82018
42D,B82019
03Q,B82021
42D,B82022
42D,B82023
42D,B82024
42D,B82025
03Q,B82026
42D,B82027
42D,B82029
42D,B82030
03Q,B82031
42D,B82032
03Q,B82033
42D,B82034
42D,B82035
42D,B82036
42D,B82037
42D,B82038
03Q,B82041
42D,B82042
42D,B82044
42D,B82045
42D,B82046
03Q,B82047
42D,B82049
42D,B82050
36J,B82053
42D,B82054
42D,B82057
42D,B82059
42D,B82060
01K,B82061
42D,B82063
03Q,B82064
42D,B82066
42D,B82067
03Q,B82068
42D,B82069
03Q,B82071
42D,B82072
03Q,B82073
03Q,B82074
42D,B82075
03Q,B82077
42D,B82078
03Q,B82079
03Q,B82080
03Q,B82081
03Q,B82083
42D,B82086
42D,B82088
03Q,B82097
03Q,B82098
03Q,B82100
42D,B82101
42D,B82104
03Q,B82105
42D,B82106
42D,B82609
03Q,B82619
42D,B82622
42D,B82628
36J,B83002
36J,B83005
36J,B83008
36J,B83009
36J,B83010
36J,B83012
36J,B83014
36J,B83015
36J,B83016
36J,B83018
36J,B83019
36J,B83020
36J,B83022
36J,B83025
36J,B83026
36J,B83028
36J,B83029
36J,B83031
36J,B83032
36J,B83033
36J,B83034
36J,B83035
36J,B83037
36J,B83038
36J,B83039
36J,B83041
36J,B83042
36J,B83045
36J,B83051
36J,B83052
36J,B83054
36J,B83055
36J,B83056
36J,B83058
36J,B83062
36J,B83063
36J,B83064
36J,B83067
36J,B83604
36J,B83611
36J,B83614
36J,B83620
36J,B83622
36J,B83624
36J,B83626
36J,B83627
36J,B83628
36J,B83629
36J,B83641
36J,B83642
36J,B83653
36J,B83657
36J,B83659
36J,B83660
36J,B83661
02T,B84001
02T,B84003
02T,B84004
02T,B84006
02T,B84007
02T,B84008
02T,B84009
02T,B84010
02T,B84011
02T,B84012
02T,B84013
02T,B84014
02T,B84016
02T,B84019
02T,B84021
02T,B84612
02T,B84613
02T,B84618
02T,B84623
X2C4Y,B85001
X2C4Y,B85002
X2C4Y,B85004
X2C4Y,B85005
X2C4Y,B85006
X2C4Y,B85008
X2C4Y,B85009
X2C4Y,B85010
X2C4Y,B85012
X2C4Y,B85014
X2C4Y,B85015
X2C4Y,B85016
X2C4Y,B85018
X2C4Y,B85019
X2C4Y,B85020
X2C4Y,B85021
X2C4Y,B85022
X2C4Y,B85023
X2C4Y,B85024
X2C4Y,B85025
X2C4Y,B85026
X2C4Y,B85027
X2C4Y,B85028
X2C4Y,B85030
X2C4Y,B85031
X2C4Y,B85032
X2C4Y,B85033
X2C4Y,B85036
X2C4Y,B85037
X2C4Y,B85038
X2C4Y,B85041
X2C4Y,B85042
X2C4Y,B85044
X2C4Y,B85048
X2C4Y,B85051
X2C4Y,B85054
X2C4Y,B85055
X2C4Y,B85058
X2C4Y,B85059
X2C4Y,B85060
X2C4Y,B85061
X2C4Y,B85062
X2C4Y,B85606
X2C4Y,B85610
X2C4Y,B85611
X2C4Y,B85612
X2C4Y,B85614
X2C4Y,B85619
X2C4Y,B85620
X2C4Y,B85623
X2C4Y,B85634
X2C4Y,B85636
X2C4Y,B85640
X2C4Y,B85641
X2C4Y,B85645
X2C4Y,B85646
X2C4Y,B85650
X2C4Y,B85652
X2C4Y,B85655
X2C4Y,B85659
X2C4Y,B85660
15F,B86002
15F,B86003
15F,B86004
15F,B86005
15F,B86006
15F,B86007
15F,B86008
15F,B86009
15F,B86010
15F,B86011
15F,B86012
15F,B86013
15F,B86014
15F,B86015
15F,B86016
15F,B86017
15F,B86018
15F,B86019
15F,B86020
15F,B86022
15F,B86024
15F,B86025
15F,B86028
15F,B86029
15F,B86030
15F,B86032
15F,B86033
15F,B86034
15F,B86035
15F,B86036
15F,B86038
15F,B86039
15F,B86041
15F,B86042
15F,B86043
15F,B86044
15F,B86048
15F,B86049
15F,B86050
15F,B86051
15F,B86052
15F,B86054
15F,B86055
15F,B86057
15F,B86059
15F,B86060
15F,B86061
15F,B86062
15F,B86064
15F,B86066
15F,B86067
15F,B86068
15F,B86069
15F,B86070
15F,B86071
15F,B86075
15F,B86081
15F,B86086
15F,B86089
15F,B86092
15F,B86093
15F,B86094
15F,B86096
15F,B86100
15F,B86101
15F,B86103
15F,B86104
15F,B86106
15F,B86108
15F,B86109
15F,B86110
15F,B86623
15F,B86642
15F,B86643
15F,B86648
15F,B86655
15F,B86658
15F,B86666
15F,B86667
15F,B86669
15F,B86672
15F,B86673
15F,B86675
15F,B86678
03R,B87001
03R,B87002
03R,B87003
03R,B87004
03R,B87005
03R,B87006
03R,B87007
03R,B87008
03R,B87009
03R,B87011
03R,B87012
03R,B87013
03R,B87015
03R,B87016
03R,B87017
03R,B87018
03R,B87019
03R,B87020
03R,B87021
03R,B87022
03R,B87025
03R,B87026
03R,B87027
03R,B87028
03R,B87030
03R,B87031
03R,B87032
03R,B87033
03R,B87036
03R,B87039
03R,B87042
03R,B87044
03R,B87602
03R,B87604
15M,C81001
15M,C81002
15M,C81003
15M,C81004
15M,C81005
15M,C81006
15M,C81007
15M,C81008
15M,C81009
15M,C81010
15M,C81012
15M,C81013
15M,C81014
15M,C81015
15M,C81016
15M,C81017
05D,C81018
15M,C81020
15M,C81021
15M,C81022
15M,C81023
15M,C81025
15M,C81026
15M,C81027
15M,C81029
15M,C81030
15M,C81031
15M,C81032
15M,C81033
15M,C81034
15M,C81035
15M,C81036
15M,C81037
15M,C81038
15M,C81039
15M,C81040
15M,C81041
15M,C81042
15M,C81044
15M,C81045
15M,C81046
15M,C81047
15M,C81048
15M,C81049
15M,C81050
15M,C81051
15M,C81052
15M,C81053
15M,C81054
15M,C81055
15M,C81056
15M,C81057
15M,C81058
15M,C81059
15M,C81060
15M,C81061
15M,C81062
15M,C81063
15M,C81064
15M,C81065
15M,C81066
15M,C81067
15M,C81068
15M,C81069
15M,C81070
15M,C81071
15M,C81072
15M,C81073
15M,C81075
15M,C81080
15M,C81081
15M,C81082
15M,C81083
15M,C81084
15M,C81086
15M,C81089
15M,C81091
15M,C81092
15M,C81094
15M,C81095
15M,C81096
15M,C81097
15M,C81099
15M,C81101
15M,C81106
15M,C81108
15M,C81110
15M,C81113
15M,C81114
15M,C81115
15M,C81118
15M,C81604
15M,C81611
15M,C81615
15M,C81616
15M,C81634
15M,C81638
15M,C81640
15M,C81647
15M,C81649
15M,C81652
15M,C81653
15M,C81655
15M,C81658
15M,C81662
03W,C82001
03W,C82002
04V,C82003
04C,C82005
04V,C82007
04C,C82008
03W,C82009
03W,C82010
04V,C82011
04V,C82012
03W,C82013
04V,C82014
03W,C82016
04V,C82017
04C,C82018
04C,C82019
04C,C82020
03W,C82021
03W,C82022
04C,C82024
03W,C82025
04V,C82026
04V,C82027
04V,C82028
04C,C82030
04C,C82031
04V,C82032
04C,C82033
04V,C82034
04V,C82035
04C,C82037
03W,C82038
03W,C82039
52R,C82040
04V,C82041
03W,C82042
04V,C82043
03W,C82044
04V,C82045
04C,C82046
04V,C82047
03W,C82048
04V,C82050
04V,C82051
04V,C82052
04C,C82053
04V,C82054
03W,C82055
03W,C82056
04C,C82059
04C,C82060
04V,C82061
04V,C82062
04C,C82063
04V,C82064
03W,C82066
03W,C82067
03W,C82068
04V,C82070
03W,C82071
04V,C82072
04C,C82073
04V,C82075
71E,C82076
03W,C82077
03W,C82078
03W,C82079
04C,C82080
04V,C82082
04C,C82084
04C,C82086
04C,C82088
04V,C82091
04C,C82092
04V,C82093
04C,C82094
04V,C82095
04V,C82096
04V,C82097
03W,C82098
04C,C82099
04C,C82100
04V,C82102
04V,C82103
04C,C82107
03W,C82109
04V,C82111
03W,C82112
04C,C82114
04C,C82116
04C,C82119
04V,C82120
04V,C82121
04C,C82124
04V,C82600
04C,C82610
03W,C82611
04C,C82614
04C,C82620
04C,C82624
04V,C82627
04V,C82628
03W,C82631
04V,C82634
04C,C82639
04C,C82642
04C,C82643
04V,C82644
03W,C82649
04V,C82650
04C,C82651
04C,C82653
04V,C82656
04C,C82659
04C,C82660
04C,C82662
04C,C82667
04C,C82669
04C,C82670
04C,C82671
04C,C82676
04V,C82678
04C,C82680
71E,C83001
71E,C83002
71E,C83003
71E,C83004
71E,C83005
71E,C83007
71E,C83008
71E,C83009
71E,C83010
71E,C83011
71E,C83013
71E,C83014
71E,C83015
71E,C83018
71E,C83019
71E,C83020
71E,C83022
71E,C83023
71E,C83024
71E,C83025
71E,C83026
71E,C83027
71E,C83028
71E,C83029
71E,C83030
71E,C83031
71E,C83032
71E,C83033
71E,C83035
71E,C83036
71E,C83037
71E,C83038
71E,C83039
71E,C83040
71E,C83041
71E,C83042
71E,C83043
71E,C83044
71E,C83045
71E,C83046
71E,C83048
71E,C83049
71E,C83051
71E,C83052
71E,C83053
71E,C83054
71E,C83055
71E,C83056
71E,C83057
71E,C83058
71E,C83059
71E,C83060
71E,C83061
71E,C83062
71E,C83063
71E,C83064
71E,C83065
71E,C83067
71E,C83072
71E,C83073
71E,C83074
71E,C83075
71E,C83078
71E,C83079
71E,C83080
71E,C83082
71E,C83083
71E,C83085
71E,C83611
71E,C83613
71E,C83614
71E,C83617
71E,C83626
71E,C83634
71E,C83635
71E,C83641
71E,C83643
71E,C83649
71E,C83650
02Q,C84001
52R,C84004
52R,C84005
02Q,C84008
52R,C84009
52R,C84010
52R,C84011
52R,C84012
02Q,C84013
52R,C84014
52R,C84016
52R,C84017
52R,C84018
52R,C84019
52R,C84020
52R,C84021
52R,C84023
02Q,C84024
52R,C84025
52R,C84026
52R,C84028
52R,C84029
52R,C84030
52R,C84032
52R,C84033
52R,C84034
02Q,C84035
52R,C84036
52R,C84037
52R,C84039
52R,C84042
52R,C84043
52R,C84044
52R,C84045
52R,C84046
52R,C84047
52R,C84049
52R,C84051
52R,C84053
52R,C84055
52R,C84057
52R,C84059
52R,C84060
52R,C84061
52R,C84063
52R,C84064
52R,C84065
52R,C84066
52R,C84067
52R,C84069
52R,C84072
52R,C84074
52R,C84076
52R,C84077
52R,C84078
52R,C84080
52R,C84081
52R,C84084
52R,C84085
52R,C84086
52R,C84087
52R,C84090
52R,C84091
52R,C84092
02Q,C84094
52R,C84095
02Q,C84101
52R,C84105
52R,C84106
52R,C84107
52R,C84112
52R,C84113
52R,C84115
52R,C84116
52R,C84117
52R,C84120
52R,C84122
52R,C84123
52R,C84129
52R,C84131
52R,C84136
52R,C84140
52R,C84142
52R,C84144
52R,C84150
52R,C84151
52R,C84605
52R,C84613
52R,C84619
52R,C84621
52R,C84624
52R,C84628
52R,C84629
52R,C84637
52R,C84646
52R,C84654
52R,C84656
52R,C84658
52R,C84660
52R,C84664
52R,C84667
52R,C84676
52R,C84679
52R,C84682
52R,C84683
52R,C84691
02Q,C84692
52R,C84693
52R,C84694
52R,C84695
52R,C84696
52R,C84703
52R,C84704
52R,C84705
52R,C84714
02P,C85001
02P,C85003
02P,C85004
02P,C85005
02P,C85006
02P,C85007
02P,C85008
02P,C85009
02P,C85010
02P,C85013
02P,C85014
02P,C85016
02P,C85017
02P,C85018
02P,C85019
02P,C85020
02P,C85022
02P,C85023
02P,C85024
02P,C85028
02P,C85030
02P,C85033
02P,C85614
02P,C85619
02P,C85622
02P,C85623
02X,C86001
02X,C86002
02X,C86003
02X,C86005
02X,C86006
02X,C86007
02X,C86009
02X,C86011
02X,C86012
02X,C86013
02X,C86015
02X,C86016
02X,C86017
02X,C86018
02X,C86019
02X,C86020
02X,C86021
02X,C86023
02X,C86024
02X,C86025
02X,C86026
02X,C86029
02X,C86032
02X,C86033
02X,C86034
02X,C86037
02X,C86038
02X,C86605
02X,C86609
02X,C86611
02X,C86614
02X,C86616
02X,C86621
02X,C86625
02X,C86626
03L,C87002
03L,C87003
03L,C87004
03L,C87005
03L,C87006
03L,C87007
03L,C87008
03L,C87009
03L,C87010
03L,C87012
03L,C87013
03L,C87014
03L,C87015
03L,C87016
03L,C87017
03L,C87018
03L,C87020
03L,C87022
03L,C87024
03L,C87029
03L,C87030
03L,C87031
03L,C87603
03L,C87604
03L,C87608
03L,C87616
03L,C87620
03L,C87622
03N,C88005
03N,C88006
03N,C88007
03N,C88008
03N,C88009
03N,C88010
03N,C88011
03N,C88014
03N,C88015
03N,C88016
03N,C88018
03N,C88019
03N,C88020
03N,C88021
03N,C88022
03N,C88023
03N,C88025
03N,C88026
03N,C88027
03N,C88028
03N,C88030
03N,C88031
03N,C88032
03N,C88034
03N,C88035
03N,C88036
03N,C88037
03N,C88038
03N,C88039
03N,C88040
03N,C88041
03N,C88043
03N,C88044
03N,C88045
03N,C88046
03N,C88047
03N,C88048
03N,C88049
03N,C88050
03N,C88051
03N,C88052
03N,C88053
03N,C88054
03N,C88059
03N,C88060
03N,C88062
03N,C88069
03N,C88070
03N,C88072
03N,C88073
03N,C88074
03N,C88076
03N,C88077
03N,C88078
03N,C88079
03N,C88082
03N,C88083
03N,C88084
03N,C88085
03N,C88086
03N,C88087
03N,C88088
03N,C88090
03N,C88091
03N,C88092
03N,C88095
03N,C88622
03N,C88627
03N,C88631
03N,C88647
03N,C88648
03N,C88652
03N,C88655
06H,D81001
06H,D81002
06H,D81003
06H,D81004
06H,D81005
06H,D81008
06H,D81010
06H,D81011
06H,D81012
06H,D81013
06H,D81014
06H,D81015
06H,D81016
06H,D81017
06H,D81018
06H,D81021
06H,D81022
06H,D81025
06H,D81026
06H,D81027
06H,D81028
06H,D81029
06H,D81030
06H,D81031
06H,D81033
06H,D81034
06H,D81035
06H,D81036
06H,D81037
06H,D81038
06H,D81041
06H,D81042
06H,D81043
06H,D81044
06H,D81045
06H,D81046
06K,D81047
06H,D81049
06H,D81050
06H,D81051
06H,D81052
06H,D81054
06H,D81055
06H,D81056
06H,D81057
06H,D81058
06H,D81059
06H,D81060
06H,D81061
06H,D81062
06H,D81064
06H,D81065
06H,D81066
06H,D81070
06H,D81073
06H,D81078
06H,D81081
06H,D81082
06H,D81084
06H,D81086
06H,D81603
06H,D81606
06H,D81607
06H,D81611
06H,D81612
06H,D81615
06H,D81618
06H,D81622
06H,D81625
06H,D81629
06H,D81630
06H,D81631
06H,D81633
06H,D81637
06H,D81645
26A,D82001
26A,D82002
26A,D82003
26A,D82005
26A,D82006
26A,D82007
26A,D82008
26A,D82009
26A,D82010
26A,D82011
26A,D82012
26A,D82013
26A,D82015
26A,D82016
26A,D82017
26A,D82018
26A,D82019
26A,D82020
26A,D82022
26A,D82023
26A,D82024
26A,D82025
26A,D82026
26A,D82027
26A,D82028
26A,D82029
26A,D82030
26A,D82031
26A,D82032
26A,D82034
26A,D82035
26A,D82036
26A,D82037
26A,D82038
26A,D82039
26A,D82040
26A,D82041
26A,D82042
26A,D82043
26A,D82044
26A,D82045
26A,D82046
26A,D82047
26A,D82048
26A,D82049
26A,D82050
26A,D82051
26A,D82053
26A,D82054
26A,D82056
26A,D82057
26A,D82058
26A,D82059
26A,D82062
26A,D82063
26A,D82064
26A,D82065
26A,D82066
26A,D82067
26A,D82068
26A,D82070
26A,D82071
26A,D82072
26A,D82073
26A,D82076
26A,D82078
26A,D82079
26A,D82080
26A,D82084
26A,D82085
26A,D82087
26A,D82088
26A,D82096
26A,D82099
26A,D82100
26A,D82104
26A,D82105
26A,D82106
26A,D82600
26A,D82604
26A,D82618
26A,D82621
26A,D82624
26A,D82628
06L,D83001
26A,D83002
07K,D83003
06L,D83004
07K,D83005
06L,D83006
07K,D83007
06L,D83008
26A,D83009
26A,D83010
26A,D83011
07K,D83012
07K,D83013
06L,D83015
26A,D83016
06L,D83017
07K,D83018
06L,D83019
06L,D83020
07K,D83021
26A,D83022
26A,D83023
06L,D83024
06L,D83026
07K,D83027
06L,D83028
07K,D83029
26A,D83030
07K,D83033
26A,D83034
26A,D83035
06L,D83037
07K,D83038
07K,D83040
06L,D83041
06L,D83043
06L,D83044
07K,D83045
06L,D83046
26A,D83047
06L,D83048
06L,D83049
06L,D83050
06L,D83051
06L,D83053
06L,D83054
07K,D83055
06L,D83056
06L,D83057
06L,D83059
07K,D83060
06L,D83061
07K,D83062
07K,D83067
06L,D83069
07K,D83070
06L,D83073
06L,D83074
07K,D83075
07K,D83076
07K,D83078
06L,D83079
06L,D83080
06L,D83081
06L,D83084
26A,D83608
07K,D83610
M1J4Y,E81002
M1J4Y,E81003
M1J4Y,E81004
M1J4Y,E81005
M1J4Y,E81006
M1J4Y,E81007
M1J4Y,E81008
M1J4Y,E81009
M1J4Y,E81010
M1J4Y,E81012
M1J4Y,E81013
M1J4Y,E81014
M1J4Y,E81015
M1J4Y,E81016
M1J4Y,E81018
M1J4Y,E81019
M1J4Y,E81021
M1J4Y,E81022
M1J4Y,E81024
M1J4Y,E81025
M1J4Y,E81026
M1J4Y,E81027
M1J4Y,E81028
M1J4Y,E81029
M1J4Y,E81030
M1J4Y,E81031
M1J4Y,E81032
M1J4Y,E81033
M1J4Y,E81034
M1J4Y,E81035
M1J4Y,E81036
M1J4Y,E81037
M1J4Y,E81038
M1J4Y,E81040
M1J4Y,E81041
M1J4Y,E81043
M1J4Y,E81044
M1J4Y,E81045
M1J4Y,E81046
M1J4Y,E81047
M1J4Y,E81048
M1J4Y,E81049
M1J4Y,E81050
M1J4Y,E81052
M1J4Y,E81057
M1J4Y,E81060
M1J4Y,E81061
M1J4Y,E81063
M1J4Y,E81069
M1J4Y,E81073
M1J4Y,E81074
M1J4Y,E81076
M1J4Y,E81612
M1J4Y,E81615
M1J4Y,E81617
M1J4Y,E81631
M1J4Y,E81632
M1J4Y,E81633
M1J4Y,E81635
06N,E82001
06K,E82002
06N,E82004
06K,E82005
06K,E82006
06K,E82007
06K,E82008
06N,E82009
06N,E82012
06N,E82013
06N,E82014
06N,E82015
06N,E82017
06K,E82018
06K,E82019
06N,E82020
06K,E82021
06N,E82022
06K,E82023
06K,E82024
06N,E82027
06N,E82031
06N,E82032
06K,E82035
06N,E82037
06K,E82038
06K,E82040
06K,E82041
06K,E82042
06N,E82043
06K,E82044
06N,E82045
06N,E82046
06N,E82050
06N,E82051
06K,E82053
06N,E82055
06K,E82056
06K,E82058
06N,E82059
06N,E82060
06K,E82061
06K,E82062
06K,E82063
06N,E82066
06K,E82067
06N,E82068
06N,E82069
06N,E82070
06N,E82071
06N,E82073
06K,E82074
06K,E82075
06N,E82077
06N,E82078
06K,E82079
06K,E82081
06K,E82082
06N,E82083
06N,E82084
06N,E82085
06K,E82086
06K,E82088
06K,E82090
06N,E82091
06K,E82092
06K,E82093
06N,E82094
06N,E82096
06N,E82098
06K,E82099
06K,E82100
06K,E82102
06N,E82105
06N,E82106
06N,E82107
06K,E82111
06N,E82113
06K,E82115
06N,E82117
06K,E82121
06K,E82123
06N,E82124
06N,E82129
06H,E82132
06K,E82133
06K,E82626
06K,E82638
06N,E82643
06N,E82652
06K,E82654
06N,E82655
06N,E82657
06K,E82661
93C,E83003
93C,E83005
93C,E83006
93C,E83007
93C,E83008
93C,E83009
93C,E83010
93C,E83011
93C,E83012
93C,E83013
93C,E83016
93C,E83017
93C,E83018
93C,E83020
93C,E83021
93C,E83024
93C,E83025
93C,E83026
93C,E83027
93C,E83028
93C,E83030
93C,E83031
93C,E83032
93C,E83034
93C,E83035
93C,E83038
93C,E83039
93C,E83041
93C,E83044
93C,E83045
93C,E83046
93C,E83049
93C,E83050
93C,E83053
93C,E83600
93C,E83613
93C,E83621
93C,E83622
93C,E83637
93C,E83638
93C,E83639
93C,E83649
93C,E83653
93C,E83668
W2U3Z,E84002
W2U3Z,E84003
W2U3Z,E84004
W2U3Z,E84005
W2U3Z,E84006
W2U3Z,E84007
W2U3Z,E84008
W2U3Z,E84009
W2U3Z,E84011
W2U3Z,E84012
W2U3Z,E84013
W2U3Z,E84014
W2U3Z,E84015
W2U3Z,E84017
W2U3Z,E84018
W2U3Z,E84020
W2U3Z,E84021
W2U3Z,E84022
W2U3Z,E84024
W2U3Z,E84025
W2U3Z,E84028
W2U3Z,E84030
W2U3Z,E84031
W2U3Z,E84032
W2U3Z,E84033
W2U3Z,E84036
W2U3Z,E84039
W2U3Z,E84040
W2U3Z,E84042
W2U3Z,E84044
W2U3Z,E84048
W2U3Z,E84049
W2U3Z,E84051
W2U3Z,E84053
W2U3Z,E84057
W2U3Z,E84058
W2U3Z,E84059
W2U3Z,E84061
W2U3Z,E84062
W2U3Z,E84063
W2U3Z,E84066
W2U3Z,E84067
W2U3Z,E84068
W2U3Z,E84069
W2U3Z,E84070
W2U3Z,E84074
W2U3Z,E84075
W2U3Z,E84076
W2U3Z,E84078
W2U3Z,E84080
W2U3Z,E84083
W2U3Z,E84086
W2U3Z,E84601
W2U3Z,E84617
W2U3Z,E84620
W2U3Z,E84626
W2U3Z,E84635
W2U3Z,E84637
W2U3Z,E84638
W2U3Z,E84645
W2U3Z,E84646
W2U3Z,E84647
W2U3Z,E84653
W2U3Z,E84656
W2U3Z,E84658
W2U3Z,E84663
W2U3Z,E84665
W2U3Z,E84674
W2U3Z,E84676
W2U3Z,E84678
W2U3Z,E84680
W2U3Z,E84684
W2U3Z,E84685
W2U3Z,E84693
W2U3Z,E84699
W2U3Z,E84701
W2U3Z,E84702
W2U3Z,E84704
W2U3Z,E84709
W2U3Z,E85001
W2U3Z,E85003
W2U3Z,E85004
W2U3Z,E85005
W2U3Z,E85006
W2U3Z,E85007
W2U3Z,E85008
W2U3Z,E85012
W2U3Z,E85013
W2U3Z,E85014
W2U3Z,E85015
W2U3Z,E85016
W2U3Z,E85019
W2U3Z,E85020
W2U3Z,E85021
W2U3Z,E85023
W2U3Z,E85024
W2U3Z,E85025
W2U3Z,E85026
W2U3Z,E85028
W2U3Z,E85029
W2U3Z,E85030
W2U3Z,E85032
W2U3Z,E85033
W2U3Z,E85034
W2U3Z,E85035
W2U3Z,E85038
W2U3Z,E85040
W2U3Z,E85041
W2U3Z,E85042
W2U3Z,E85045
W2U3Z,E85046
W2U3Z,E85048
W2U3Z,E85049
W2U3Z,E85050
W2U3Z,E85051
W2U3Z,E85052
W2U3Z,E85053
W2U3Z,E85054
W2U3Z,E85055
W2U3Z,E85056
W2U3Z,E85057
W2U3Z,E85058
W2U3Z,E85059
W2U3Z,E85060
W2U3Z,E85061
W2U3Z,E85062
W2U3Z,E85064
W2U3Z,E85066
W2U3Z,E85069
W2U3Z,E85071
W2U3Z,E85074
W2U3Z,E85075
W2U3Z,E85077
W2U3Z,E85083
W2U3Z,E85088
W2U3Z,E85090
W2U3Z,E85091
W2U3Z,E85096
W2U3Z,E85098
W2U3Z,E85099
W2U3Z,E85103
W2U3Z,E85107
W2U3Z,E85108
W2U3Z,E85109
W2U3Z,E85111
W2U3Z,E85112
W2U3Z,E85113
W2U3Z,E85114
W2U3Z,E85115
W2U3Z,E85116
W2U3Z,E85118
W2U3Z,E85119
W2U3Z,E85120
W2U3Z,E85121
W2U3Z,E85122
W2U3Z,E85123
W2U3Z,E85124
W2U3Z,E85125
W2U3Z,E85126
W2U3Z,E85127
W2U3Z,E85128
W2U3Z,E85129
W2U3Z,E85130
W2U3Z,E85600
W2U3Z,E85605
W2U3Z,E85623
W2U3Z,E85624
W2U3Z,E85628
W2U3Z,E85633
W2U3Z,E85635
W2U3Z,E85636
W2U3Z,E85640
W2U3Z,E85643
W2U3Z,E85649
W2U3Z,E85656
W2U3Z,E85657
W2U3Z,E85658
W2U3Z,E85659
W2U3Z,E85663
W2U3Z,E85677
W2U3Z,E85680
W2U3Z,E85681
W2U3Z,E85682
W2U3Z,E85683
W2U3Z,E85685
W2U3Z,E85687
W2U3Z,E85693
W2U3Z,E85694
W2U3Z,E85696
W2U3Z,E85697
W2U3Z,E85699
W2U3Z,E85707
W2U3Z,E85708
W2U3Z,E85712
W2U3Z,E85713
W2U3Z,E85715
W2U3Z,E85716
W2U3Z,E85718
W2U3Z,E85719
W2U3Z,E85721
W2U3Z,E85725
W2U3Z,E85726
W2U3Z,E85734
W2U3Z,E85735
W2U3Z,E85736
W2U3Z,E85739
W2U3Z,E85743
W2U3Z,E85744
W2U3Z,E85745
W2U3Z,E85746
W2U3Z,E85748
W2U3Z,E85750
W2U3Z,E86001
W2U3Z,E86004
W2U3Z,E86005
W2U3Z,E86006
W2U3Z,E86007
W2U3Z,E86009
W2U3Z,E86010
W2U3Z,E86011
W2U3Z,E86012
W2U3Z,E86014
W2U3Z,E86015
W2U3Z,E86016
W2U3Z,E86017
W2U3Z,E86018
W2U3Z,E86019
W2U3Z,E86020
W2U3Z,E86022
W2U3Z,E86024
W2U3Z,E86026
W2U3Z,E86027
W2U3Z,E86028
W2U3Z,E86029
W2U3Z,E86030
W2U3Z,E86033
W2U3Z,E86034
W2U3Z,E86036
W2U3Z,E86038
W2U3Z,E86041
W2U3Z,E86042
W2U3Z,E86605
W2U3Z,E86609
W2U3Z,E86610
W2U3Z,E86612
W2U3Z,E86615
W2U3Z,E86618
W2U3Z,E86619
W2U3Z,E86620
W2U3Z,E86625
W2U3Z,E86626
W2U3Z,E86629
W2U3Z,E86632
W2U3Z,E86637
W2U3Z,E86640
W2U3Z,E87002
W2U3Z,E87003
W2U3Z,E87004
W2U3Z,E87005
W2U3Z,E87006
W2U3Z,E87008
W2U3Z,E87009
W2U3Z,E87010
W2U3Z,E87011
W2U3Z,E87013
W2U3Z,E87016
W2U3Z,E87021
W2U3Z,E87024
W2U3Z,E87026
W2U3Z,E87029
W2U3Z,E87034
W2U3Z,E87037
W2U3Z,E87038
W2U3Z,E87043
W2U3Z,E87045
W2U3Z,E87046
W2U3Z,E87047
W2U3Z,E87048
W2U3Z,E87052
W2U3Z,E87061
W2U3Z,E87063
W2U3Z,E87065
W2U3Z,E87066
W2U3Z,E87067
W2U3Z,E87069
W2U3Z,E87070
W2U3Z,E87609
W2U3Z,E87637
W2U3Z,E87648
W2U3Z,E87663
W2U3Z,E87665
W2U3Z,E87677
W2U3Z,E87681
W2U3Z,E87701
W2U3Z,E87702
W2U3Z,E87706
W2U3Z,E87711
W2U3Z,E87714
W2U3Z,E87715
W2U3Z,E87720
W2U3Z,E87722
W2U3Z,E87733
W2U3Z,E87737
W2U3Z,E87738
W2U3Z,E87739
W2U3Z,E87740
W2U3Z,E87741
W2U3Z,E87742
W2U3Z,E87745
W2U3Z,E87746
W2U3Z,E87750
W2U3Z,E87751
W2U3Z,E87753
W2U3Z,E87754
W2U3Z,E87755
W2U3Z,E87756
W2U3Z,E87762
W2U3Z,E87768
W2U3Z,E87772
99F,F81001
99G,F81003
07H,F81004
99E,F81006
99F,F81007
07H,F81009
07G,F81010
06Q,F81011
06T,F81012
99E,F81013
06Q,F81014
07H,F81015
06T,F81017
06T,F81019
06Q,F81020
06T,F81021
06Q,F81022
99E,F81023
99E,F81025
06T,F81026
07H,F81027
06T,F81028
99E,F81029
06Q,F81030
99E,F81031
99F,F81032
07H,F81034
99E,F81036
06T,F81037
99E,F81038
06Q,F81040
99E,F81041
06T,F81042
07H,F81043
06T,F81044
99E,F81045
99G,F81046
07H,F81047
07H,F81048
07H,F81049
99F,F81051
06T,F81052
07H,F81053
99E,F81055
07H,F81056
06Q,F81057
99E,F81060
99F,F81061
07H,F81062
99F,F81065
99F,F81066
06T,F81067
06Q,F81068
06T,F81069
06Q,F81071
07H,F81072
99F,F81075
06Q,F81076
07H,F81078
99E,F81080
99G,F81081
07G,F81082
06Q,F81083
99E,F81085
99G,F81086
06Q,F81087
07G,F81088
99F,F81089
07H,F81090
06T,F81091
99G,F81092
06T,F81095
99F,F81096
99G,F81097
06Q,F81098
06Q,F81099
06Q,F81100
99F,F81101
99E,F81102
99E,F81104
06Q,F81105
07H,F81106
99E,F81108
07G,F81110
99G,F81112
07G,F81113
06Q,F81114
06T,F81115
06T,F81116
06Q,F81117
07H,F81118
06Q,F81119
07H,F81120
99G,F81121
06Q,F81122
99F,F81123
99F,F81125
06Q,F81126
99G,F81128
06Q,F81130
07H,F81131
06Q,F81132
06T,F81133
07G,F81134
07H,F81136
07G,F81137
06T,F81141
99F,F81142
99G,F81144
99G,F81147
06Q,F81149
99E,F81150
07H,F81152
07G,F81153
07G,F81155
06T,F81156
99E,F81158
99G,F81159
99E,F81163
99G,F81164
07H,F81165
07H,F81169
06Q,F81170
06Q,F81173
99G,F81176
07G,F81177
07H,F81181
06Q,F81183
07H,F81184
99E,F81186
07G,F81192
06Q,F81193
07G,F81197
07G,F81198
99F,F81205
07G,F81206
99G,F81207
07G,F81211
06T,F81212
06T,F81213
99E,F81215
07H,F81216
07G,F81219
06T,F81221
99E,F81222
99G,F81223
06T,F81606
99G,F81613
99F,F81618
07H,F81619
07G,F81623
07G,F81632
06T,F81633
06Q,F81635
06T,F81636
99E,F81640
07G,F81641
99E,F81645
99G,F81649
07G,F81652
99G,F81656
06Q,F81665
99E,F81666
07G,F81669
06Q,F81674
99F,F81675
06T,F81679
06T,F81681
06Q,F81683
99F,F81690
99G,F81696
07G,F81697
99F,F81700
99F,F81704
99E,F81707
07G,F81708
99E,F81711
99F,F81713
06T,F81716
07H,F81725
99E,F81729
06Q,F81730
99E,F81732
99E,F81737
99F,F81739
99F,F81740
06T,F81741
99G,F81744
06T,F81746
07H,F81749
06Q,F81751
06T,F81757
A3A8R,F82001
A3A8R,F82002
A3A8R,F82003
A3A8R,F82005
A3A8R,F82006
A3A8R,F82007
A3A8R,F82008
A3A8R,F82009
A3A8R,F82010
A3A8R,F82011
A3A8R,F82013
A3A8R,F82014
A3A8R,F82015
A3A8R,F82016
A3A8R,F82017
A3A8R,F82018
A3A8R,F82019
A3A8R,F82021
A3A8R,F82022
A3A8R,F82023
A3A8R,F82025
A3A8R,F82027
A3A8R,F82028
A3A8R,F82030
A3A8R,F82031
A3A8R,F82033
A3A8R,F82034
A3A8R,F82038
A3A8R,F82039
A3A8R,F82040
A3A8R,F82042
A3A8R,F82045
A3A8R,F82051
A3A8R,F82055
A3A8R,F82604
A3A8R,F82607
A3A8R,F82609
A3A8R,F82610
A3A8R,F82612
A3A8R,F82619
A3A8R,F82624
A3A8R,F82625
A3A8R,F82627
A3A8R,F82630
A3A8R,F82634
A3A8R,F82638
A3A8R,F82642
A3A8R,F82647
A3A8R,F82648
A3A8R,F82649
A3A8R,F82650
A3A8R,F82660
A3A8R,F82661
A3A8R,F82663
A3A8R,F82670
A3A8R,F82671
A3A8R,F82674
A3A8R,F82675
A3A8R,F82677
A3A8R,F82678
A3A8R,F82679
A3A8R,F82680
A3A8R,F82686
93C,F83002
93C,F83003
93C,F83004
93C,F83005
93C,F83006
93C,F83007
93C,F83008
93C,F83010
93C,F83011
93C,F83012
93C,F83015
93C,F83017
93C,F83018
93C,F83019
93C,F83020
93C,F83021
93C,F83022
93C,F83023
93C,F83032
93C,F83033
93C,F83034
93C,F83039
93C,F83042
93C,F83043
93C,F83044
93C,F83045
93C,F83048
93C,F83050
93C,F83052
93C,F83053
93C,F83055
93C,F83056
93C,F83057
93C,F83058
93C,F83059
93C,F83060
93C,F83061
93C,F83063
93C,F83064
93C,F83615
93C,F83623
93C,F83624
93C,F83632
93C,F83633
93C,F83635
93C,F83652
93C,F83658
93C,F83660
93C,F83664
93C,F83665
93C,F83666
93C,F83671
93C,F83672
93C,F83673
93C,F83674
93C,F83678
93C,F83680
93C,F83681
93C,F83683
93C,F83686
A3A8R,F84003
A3A8R,F84004
A3A8R,F84006
A3A8R,F84008
A3A8R,F84009
A3A8R,F84010
A3A8R,F84012
A3A8R,F84013
A3A8R,F84014
A3A8R,F84015
A3A8R,F84016
A3A8R,F84017
A3A8R,F84018
A3A8R,F84021
A3A8R,F84022
A3A8R,F84025
A3A8R,F84030
A3A8R,F84031
A3A8R,F84033
A3A8R,F84034
A3A8R,F84035
A3A8R,F84036
A3A8R,F84038
A3A8R,F84039
A3A8R,F84044
A3A8R,F84047
A3A8R,F84050
A3A8R,F84051
A3A8R,F84052
A3A8R,F84053
A3A8R,F84054
A3A8R,F84055
A3A8R,F84060
A3A8R,F84062
A3A8R,F84063
A3A8R,F84069
A3A8R,F84070
A3A8R,F84072
A3A8R,F84074
A3A8R,F84077
A3A8R,F84079
A3A8R,F84080
A3A8R,F84081
A3A8R,F84083
A3A8R,F84086
A3A8R,F84087
A3A8R,F84088
A3A8R,F84092
A3A8R,F84093
A3A8R,F84096
A3A8R,F84097
A3A8R,F84105
A3A8R,F84111
A3A8R,F84114
A3A8R,F84115
A3A8R,F84117
A3A8R,F84118
A3A8R,F84119
A3A8R,F84121
A3A8R,F84122
A3A8R,F84123
A3A8R,F84124
A3A8R,F84601
A3A8R,F84619
A3A8R,F84620
A3A8R,F84621
A3A8R,F84632
A3A8R,F84635
A3A8R,F84636
A3A8R,F84640
A3A8R,F84641
A3A8R,F84642
A3A8R,F84647
A3A8R,F84656
A3A8R,F84658
A3A8R,F84660
A3A8R,F84666
A3A8R,F84668
A3A8R,F84669
A3A8R,F84670
A3A8R,F84672
A3A8R,F84677
A3A8R,F84681
A3A8R,F84686
A3A8R,F84692
A3A8R,F84694
A3A8R,F84696
A3A8R,F84698
A3A8R,F84710
A3A8R,F84716
A3A8R,F84717
A3A8R,F84718
A3A8R,F84719
A3A8R,F84720
A3A8R,F84724
A3A8R,F84729
A3A8R,F84730
A3A8R,F84731
A3A8R,F84733
A3A8R,F84735
A3A8R,F84739
A3A8R,F84740
A3A8R,F84741
A3A8R,F84747
A3A8R,F84749
93C,F85002
93C,F85004
93C,F85007
93C,F85008
93C,F85010
93C,F85013
93C,F85014
93C,F85016
93C,F85017
93C,F85019
93C,F85020
93C,F85023
93C,F85025
93C,F85028
93C,F85029
93C,F85030
93C,F85031
93C,F85032
93C,F85033
93C,F85034
93C,F85035
93C,F85039
93C,F85044
93C,F85046
93C,F85058
93C,F85060
93C,F85061
93C,F85063
93C,F85064
93C,F85065
93C,F85066
93C,F85067
93C,F85069
93C,F85071
93C,F85072
93C,F85615
93C,F85623
93C,F85625
93C,F85628
93C,F85634
93C,F85640
93C,F85642
93C,F85650
93C,F85663
93C,F85666
93C,F85669
93C,F85675
93C,F85676
93C,F85678
93C,F85682
93C,F85687
93C,F85688
93C,F85697
93C,F85700
93C,F85701
93C,F85705
A3A8R,F86001
A3A8R,F86004
A3A8R,F86005
A3A8R,F86006
A3A8R,F86007
A3A8R,F86008
A3A8R,F86009
A3A8R,F86010
A3A8R,F86011
A3A8R,F86012
A3A8R,F86013
A3A8R,F86018
A3A8R,F86020
A3A8R,F86022
A3A8R,F86023
A3A8R,F86025
A3A8R,F86026
A3A8R,F86028
A3A8R,F86030
A3A8R,F86032
A3A8R,F86034
A3A8R,F86036
A3A8R,F86038
A3A8R,F86040
A3A8R,F86042
A3A8R,F86044
A3A8R,F86045
A3A8R,F86057
A3A8R,F86058
A3A8R,F86060
A3A8R,F86062
A3A8R,F86064
A3A8R,F86066
A3A8R,F86074
A3A8R,F86078
A3A8R,F86081
A3A8R,F86082
A3A8R,F86083
A3A8R,F86085
A3A8R,F86086
A3A8R,F86087
A3A8R,F86088
A3A8R,F86607
A3A8R,F86612
A3A8R,F86616
A3A8R,F86621
A3A8R,F86624
A3A8R,F86625
A3A8R,F86626
A3A8R,F86627
A3A8R,F86637
A3A8R,F86638
A3A8R,F86641
A3A8R,F86644
A3A8R,F86650
A3A8R,F86652
A3A8R,F86657
A3A8R,F86658
A3A8R,F86664
A3A8R,F86666
A3A8R,F86679
A3A8R,F86689
A3A8R,F86691
A3A8R,F86692
A3A8R,F86696
A3A8R,F86698
A3A8R,F86700
A3A8R,F86701
A3A8R,F86702
A3A8R,F86705
A3A8R,F86707
A3A8R,F86708
A3A8R,F86712
A3A8R,F86731
09D,G81001
97R,G81002
97R,G81003
97R,G81004
09D,G81006
97R,G81008
09D,G81011
97R,G81012
09D,G81014
97R,G81016
97R,G81017
09D,G81018
97R,G81019
97R,G81021
97R,G81022
97R,G81023
97R,G81024
09D,G81028
97R,G81029
97R,G81030
97R,G81031
97R,G81032
09D,G81034
09D,G81036
97R,G81037
09D,G81038
97R,G81039
97R,G81040
97R,G81041
09D,G81042
97R,G81043
09D,G81044
09D,G81046
09D,G81047
97R,G81048
97R,G81049
97R,G81050
97R,G81051
97R,G81052
09D,G81054
97R,G81055
97R,G81057
97R,G81059
97R,G81061
09D,G81065
09D,G81070
09D,G81071
09D,G81073
97R,G81074
09D,G81075
09D,G81076
97R,G81077
97R,G81082
09D,G81083
97R,G81085
97R,G81086
97R,G81087
97R,G81088
97R,G81089
97R,G81095
97R,G81096
97R,G81098
97R,G81099
97R,G81100
97R,G81102
97R,G81104
09D,G81613
97R,G81614
97R,G81634
09D,G81638
97R,G81641
09D,G81646
09D,G81656
97R,G81658
09D,G81663
09D,G81669
09D,G81689
09D,G81694
91Q,G82002
91Q,G82006
91Q,G82007
91Q,G82013
91Q,G82014
91Q,G82015
91Q,G82016
91Q,G82018
91Q,G82019
91Q,G82020
91Q,G82021
91Q,G82022
91Q,G82023
91Q,G82024
91Q,G82025
91Q,G82026
91Q,G82027
91Q,G82028
91Q,G82031
91Q,G82032
91Q,G82035
91Q,G82036
91Q,G82037
91Q,G82038
91Q,G82039
91Q,G82041
91Q,G82042
91Q,G82044
91Q,G82046
91Q,G82048
91Q,G82050
91Q,G82051
91Q,G82052
91Q,G82053
91Q,G82055
91Q,G82056
91Q,G82057
91Q,G82058
91Q,G82059
91Q,G82060
91Q,G82062
91Q,G82063
91Q,G82066
91Q,G82067
91Q,G82069
91Q,G82071
91Q,G82073
91Q,G82074
91Q,G82076
91Q,G82077
91Q,G82079
91Q,G82080
91Q,G82082
91Q,G82083
91Q,G82085
91Q,G82086
91Q,G82087
91Q,G82089
91Q,G82090
91Q,G82091
91Q,G82092
91Q,G82093
91Q,G82094
91Q,G82095
91Q,G82097
91Q,G82098
91Q,G82099
91Q,G82100
91Q,G82105
91Q,G82106
91Q,G82107
91Q,G82108
91Q,G82110
91Q,G82111
91Q,G82113
91Q,G82114
91Q,G82115
91Q,G82117
91Q,G82118
91Q,G82119
91Q,G82120
91Q,G82121
91Q,G82122
91Q,G82125
91Q,G82126
91Q,G82129
91Q,G82135
91Q,G82137
91Q,G82138
91Q,G82139
91Q,G82140
91Q,G82141
91Q,G82142
91Q,G82143
91Q,G82147
91Q,G82150
91Q,G82152
91Q,G82154
91Q,G82155
91Q,G82158
91Q,G82160
91Q,G82161
91Q,G82162
91Q,G82164
91Q,G82165
91Q,G82170
91Q,G82180
91Q,G82184
91Q,G82185
91Q,G82186
91Q,G82200
91Q,G82203
91Q,G82205
91Q,G82211
91Q,G82212
91Q,G82215
91Q,G82217
91Q,G82218
91Q,G82219
91Q,G82224
91Q,G82226
91Q,G82227
91Q,G82228
91Q,G82229
91Q,G82231
91Q,G82232
91Q,G82233
91Q,G82234
91Q,G82235
91Q,G82600
91Q,G82604
91Q,G82631
91Q,G82634
91Q,G82635
91Q,G82641
91Q,G82647
91Q,G82648
91Q,G82650
91Q,G82652
91Q,G82658
91Q,G82665
91Q,G82666
91Q,G82679
91Q,G82682
91Q,G82684
91Q,G82687
91Q,G82691
91Q,G82693
91Q,G82696
91Q,G82697
91Q,G82698
91Q,G82700
91Q,G82702
91Q,G82708
91Q,G82711
91Q,G82719
91Q,G82721
91Q,G82729
91Q,G82730
91Q,G82733
91Q,G82737
91Q,G82741
91Q,G82744
91Q,G82753
91Q,G82754
91Q,G82763
91Q,G82768
91Q,G82780
91Q,G82790
91Q,G82796
91Q,G82799
91Q,G82802
91Q,G82808
91Q,G82888
72Q,G83001
72Q,G83002
72Q,G83004
72Q,G83006
72Q,G83009
72Q,G83010
72Q,G83012
72Q,G83013
72Q,G83015
72Q,G83016
72Q,G83018
72Q,G83019
72Q,G83021
72Q,G83024
72Q,G83025
72Q,G83026
72Q,G83027
72Q,G83028
72Q,G83029
72Q,G83030
72Q,G83031
72Q,G83033
72Q,G83039
72Q,G83044
72Q,G83046
72Q,G83049
72Q,G83052
72Q,G83053
72Q,G83057
72Q,G83058
72Q,G83060
72Q,G83062
72Q,G83065
72Q,G83066
72Q,G83067
72Q,G83628
72Q,G83630
72Q,G83631
72Q,G83633
72Q,G83635
72Q,G83641
72Q,G83642
72Q,G83647
72Q,G83651
72Q,G83654
72Q,G83673
72Q,G83680
72Q,G84001
72Q,G84002
72Q,G84003
72Q,G84004
72Q,G84005
72Q,G84006
72Q,G84007
72Q,G84008
72Q,G84009
72Q,G84010
72Q,G84011
72Q,G84013
72Q,G84015
72Q,G84016
72Q,G84017
72Q,G84018
72Q,G84019
72Q,G84020
72Q,G84023
72Q,G84024
72Q,G84025
72Q,G84027
72Q,G84028
72Q,G84029
72Q,G84030
72Q,G84032
72Q,G84033
72Q,G84035
72Q,G84039
72Q,G84040
72Q,G84041
72Q,G84604
72Q,G84607
72Q,G84609
72Q,G84621
72Q,G84624
72Q,G84625
72Q,G84627
72Q,G84629
72Q,G84630
72Q,G85001
72Q,G85002
72Q,G85004
72Q,G85006
72Q,G85011
72Q,G85013
72Q,G85014
72Q,G85015
72Q,G85016
72Q,G85019
72Q,G85021
72Q,G85022
72Q,G85023
72Q,G85024
72Q,G85025
72Q,G85026
72Q,G85028
72Q,G85029
72Q,G85030
72Q,G85031
72Q,G85032
72Q,G85034
72Q,G85038
72Q,G85039
72Q,G85040
72Q,G85041
72Q,G85042
72Q,G85044
72Q,G85045
72Q,G85046
72Q,G85051
72Q,G85052
72Q,G85053
72Q,G85054
72Q,G85057
72Q,G85061
72Q,G85073
72Q,G85076
72Q,G85083
72Q,G85084
72Q,G85085
72Q,G85086
72Q,G85087
72Q,G85091
72Q,G85096
72Q,G85100
72Q,G85102
72Q,G85104
72Q,G85105
72Q,G85109
72Q,G85114
72Q,G85119
72Q,G85120
72Q,G85121
72Q,G85123
72Q,G85125
72Q,G85127
72Q,G85129
72Q,G85130
72Q,G85132
72Q,G85134
72Q,G85135
72Q,G85136
72Q,G85137
72Q,G85138
72Q,G85623
72Q,G85632
72Q,G85633
72Q,G85642
72Q,G85644
72Q,G85647
72Q,G85651
72Q,G85662
72Q,G85673
72Q,G85674
72Q,G85681
72Q,G85685
72Q,G85690
72Q,G85695
72Q,G85696
72Q,G85698
72Q,G85705
72Q,G85706
72Q,G85708
72Q,G85715
72Q,G85716
72Q,G85721
72Q,G85722
72Q,G85724
72Q,G85726
72Q,G85727
72Q,G85736
92A,H81002
92A,H81003
92A,H81004
92A,H81005
92A,H81006
92A,H81009
92A,H81010
92A,H81011
D4U1Y,H81013
92A,H81015
92A,H81016
92A,H81017
92A,H81019
92A,H81020
92A,H81021
92A,H81022
92A,H81023
92A,H81024
92A,H81025
92A,H81026
D4U1Y,H81027
92A,H81028
92A,H81029
92A,H81030
92A,H81031
92A,H81032
92A,H81033
92A,H81034
92A,H81035
92A,H81036
92A,H81038
D4U1Y,H81039
D4U1Y,H81040
92A,H81041
92A,H81042
92A,H81043
92A,H81044
92A,H81045
92A,H81046
D4U1Y,H81047
92A,H81048
92A,H81050
92A,H81051
92A,H81052
92A,H81053
92A,H81055
92A,H81056
92A,H81057
92A,H81058
92A,H81061
92A,H81062
92A,H81064
92A,H81065
92A,H81066
92A,H81067
92A,H81068
D4U1Y,H81069
92A,H81070
92A,H81071
92A,H81072
92A,H81073
92A,H81074
D4U1Y,H81075
92A,H81076
92A,H81077
92A,H81078
92A,H81080
92A,H81081
D4U1Y,H81082
92A,H81084
92A,H81085
92A,H81086
92A,H81087
D4U1Y,H81088
92A,H81089
92A,H81090
92A,H81091
92A,H81094
92A,H81095
92A,H81099
92A,H81103
92A,H81104
92A,H81107
92A,H81109
D4U1Y,H81110
92A,H81111
92A,H81113
92A,H81116
92A,H81119
92A,H81122
92A,H81123
92A,H81126
92A,H81128
92A,H81129
D4U1Y,H81130
92A,H81131
92A,H81133
92A,H81134
D4U1Y,H81615
92A,H81618
92A,H81632
92A,H81638
92A,H81641
92A,H81642
92A,H81643
92A,H81644
92A,H81656
92A,H81658
92A,H81663
92A,H81672
70F,H82003
70F,H82004
70F,H82005
70F,H82006
70F,H82007
70F,H82009
70F,H82011
70F,H82012
70F,H82013
70F,H82014
70F,H82016
70F,H82017
70F,H82020
70F,H82021
70F,H82022
70F,H82023
70F,H82025
70F,H82026
70F,H82027
70F,H82028
70F,H82030
70F,H82031
70F,H82032
70F,H82033
70F,H82034
70F,H82035
70F,H82036
70F,H82037
70F,H82038
70F,H82039
70F,H82040
70F,H82041
70F,H82042
70F,H82043
70F,H82044
70F,H82045
70F,H82046
70F,H82047
70F,H82048
70F,H82049
70F,H82050
70F,H82051
70F,H82052
70F,H82053
70F,H82055
70F,H82056
70F,H82057
70F,H82058
70F,H82059
70F,H82060
70F,H82061
70F,H82063
70F,H82064
70F,H82065
70F,H82066
70F,H82067
70F,H82070
70F,H82072
70F,H82076
70F,H82077
70F,H82078
70F,H82084
70F,H82087
70F,H82088
70F,H82089
70F,H82091
70F,H82092
70F,H82095
70F,H82096
70F,H82098
70F,H82099
70F,H82100
70F,H82615
70F,H82640
36L,H83001
36L,H83004
36L,H83005
36L,H83006
36L,H83007
36L,H83008
36L,H83009
36L,H83010
36L,H83011
36L,H83012
36L,H83013
36L,H83014
36L,H83015
36L,H83016
36L,H83017
36L,H83018
36L,H83019
36L,H83020
36L,H83021
36L,H83022
36L,H83023
36L,H83024
36L,H83028
36L,H83029
36L,H83030
36L,H83031
36L,H83033
36L,H83034
36L,H83037
36L,H83039
36L,H83042
36L,H83043
36L,H83044
36L,H83049
36L,H83051
36L,H83052
36L,H83053
36L,H83608
36L,H83609
36L,H83611
36L,H83624
36L,H83627
36L,H83631
36L,H84002
36L,H84005
36L,H84006
36L,H84007
36L,H84010
36L,H84012
36L,H84014
36L,H84015
36L,H84016
36L,H84017
36L,H84018
36L,H84020
36L,H84023
36L,H84025
36L,H84027
36L,H84030
36L,H84031
36L,H84032
36L,H84033
36L,H84034
36L,H84039
36L,H84040
36L,H84041
36L,H84042
36L,H84044
36L,H84048
36L,H84050
36L,H84051
36L,H84053
36L,H84054
36L,H84055
36L,H84057
36L,H84059
36L,H84060
36L,H84061
36L,H84062
36L,H84618
36L,H84619
36L,H84623
36L,H84625
36L,H84630
36L,H84635
36L,H84639
36L,H85001
36L,H85002
36L,H85003
36L,H85006
36L,H85007
36L,H85008
36L,H85009
36L,H85011
36L,H85012
36L,H85018
36L,H85020
36L,H85021
36L,H85022
36L,H85023
36L,H85024
36L,H85025
36L,H85026
36L,H85027
36L,H85028
36L,H85029
36L,H85030
36L,H85031
36L,H85033
36L,H85037
36L,H85038
36L,H85041
36L,H85045
36L,H85047
36L,H85048
36L,H85049
36L,H85051
36L,H85052
36L,H85053
36L,H85055
36L,H85057
36L,H85061
36L,H85063
36L,H85065
36L,H85066
36L,H85067
36L,H85069
36L,H85070
36L,H85075
36L,H85076
36L,H85077
36L,H85078
36L,H85082
36L,H85087
36L,H85088
36L,H85090
36L,H85092
36L,H85095
36L,H85100
36L,H85101
36L,H85103
36L,H85105
36L,H85110
36L,H85111
36L,H85112
36L,H85113
36L,H85114
36L,H85115
36L,H85116
36L,H85618
36L,H85634
36L,H85637
36L,H85649
36L,H85653
36L,H85656
36L,H85659
36L,H85662
36L,H85664
36L,H85680
36L,H85682
36L,H85683
36L,H85686
36L,H85693
11J,J81002
11J,J81006
11J,J81009
11J,J81010
11J,J81011
11J,J81012
11J,J81013
11J,J81014
11J,J81016
11J,J81017
11J,J81018
11J,J81019
11J,J81020
11J,J81021
11J,J81022
11J,J81025
11J,J81027
11J,J81028
11J,J81029
11J,J81030
11J,J81033
11J,J81034
11J,J81035
11J,J81036
11J,J81039
11J,J81041
11J,J81042
11J,J81045
11J,J81046
11J,J81047
11J,J81049
11J,J81051
11J,J81053
11J,J81056
11J,J81057
11J,J81058
11J,J81059
11J,J81061
11J,J81062
11J,J81064
11J,J81066
11J,J81067
11J,J81068
11J,J81070
11J,J81072
11J,J81073
11J,J81074
11J,J81075
11J,J81076
11J,J81077
11J,J81078
11J,J81081
11J,J81082
11J,J81086
11J,J81087
11J,J81609
11J,J81612
11J,J81616
11J,J81620
11J,J81621
11J,J81625
11J,J81626
11J,J81631
11J,J81633
11J,J81634
11J,J81646
11J,J81647
11J,J81648
D9Y0V,J82001
D9Y0V,J82002
D9Y0V,J82005
D9Y0V,J82007
D9Y0V,J82009
D9Y0V,J82010
D9Y0V,J82012
D4U1Y,J82015
D9Y0V,J82016
D9Y0V,J82017
D9Y0V,J82018
D9Y0V,J82019
D9Y0V,J82020
D9Y0V,J82021
D9Y0V,J82024
D9Y0V,J82025
D9Y0V,J82026
10R,J82028
D9Y0V,J82033
D9Y0V,J82034
D9Y0V,J82035
D9Y0V,J82036
D9Y0V,J82039
D9Y0V,J82040
D9Y0V,J82042
D4U1Y,J82049
D9Y0V,J82050
D9Y0V,J82051
D9Y0V,J82053
15A,J82054
10R,J82055
D9Y0V,J82056
D9Y0V,J82058
D9Y0V,J82059
10R,J82060
D9Y0V,J82061
D9Y0V,J82062
D9Y0V,J82064
D4U1Y,J82066
D4U1Y,J82067
D9Y0V,J82069
D9Y0V,J82071
D9Y0V,J82072
10R,J82073
D9Y0V,J82074
D9Y0V,J82075
D9Y0V,J82076
D9Y0V,J82079
D9Y0V,J82080
D9Y0V,J82081
D9Y0V,J82082
D9Y0V,J82083
D9Y0V,J82084
10R,J82085
D9Y0V,J82087
D9Y0V,J82088
D9Y0V,J82092
D9Y0V,J82094
D9Y0V,J82098
D4U1Y,J82099
D9Y0V,J82101
10R,J82102
D9Y0V,J82103
D9Y0V,J82104
D9Y0V,J82106
D4U1Y,J82110
D9Y0V,J82112
D9Y0V,J82115
D9Y0V,J82116
D9Y0V,J82119
D4U1Y,J82120
D9Y0V,J82121
D9Y0V,J82122
D9Y0V,J82124
D4U1Y,J82125
D9Y0V,J82126
D9Y0V,J82128
D9Y0V,J82129
D9Y0V,J82130
D9Y0V,J82131
D9Y0V,J82132
D9Y0V,J82134
D9Y0V,J82136
D9Y0V,J82138
D9Y0V,J82139
D4U1Y,J82142
D9Y0V,J82143
D9Y0V,J82144
D9Y0V,J82145
D9Y0V,J82146
D9Y0V,J82147
10R,J82149
D9Y0V,J82150
D9Y0V,J82151
D9Y0V,J82152
D9Y0V,J82154
10R,J82155
D9Y0V,J82156
D9Y0V,J82157
D9Y0V,J82161
D9Y0V,J82163
D9Y0V,J82169
D9Y0V,J82174
D4U1Y,J82178
D4U1Y,J82181
D9Y0V,J82184
10R,J82194
D9Y0V,J82196
D4U1Y,J82198
10R,J82199
D9Y0V,J82201
D9Y0V,J82207
D9Y0V,J82208
D9Y0V,J82210
D9Y0V,J82213
D9Y0V,J82214
D9Y0V,J82215
D9Y0V,J82216
D9Y0V,J82217
D9Y0V,J82218
D9Y0V,J82605
D9Y0V,J82622
D9Y0V,J82625
D4U1Y,J82628
D4U1Y,J82630
D9Y0V,J82639
D9Y0V,J82640
D9Y0V,J82646
D9Y0V,J82669
92G,J83001
92G,J83002
92G,J83003
92G,J83004
92G,J83005
92G,J83006
92G,J83007
92G,J83008
92G,J83009
92G,J83010
92G,J83011
92G,J83013
92G,J83014
92G,J83016
92G,J83018
92G,J83019
92G,J83021
92G,J83022
92G,J83023
92G,J83024
92G,J83026
92G,J83027
92G,J83029
92G,J83030
92G,J83033
92G,J83034
92G,J83035
92G,J83036
92G,J83037
92G,J83038
92G,J83039
92G,J83040
92G,J83041
92G,J83042
92G,J83043
92G,J83045
92G,J83046
92G,J83047
92G,J83048
92G,J83049
92G,J83050
92G,J83052
92G,J83053
92G,J83055
92G,J83056
92G,J83057
92G,J83058
92G,J83059
92G,J83060
92G,J83064
92G,J83601
92G,J83603
92G,J83609
92G,J83615
92G,J83618
92G,J83619
92G,J83625
92G,J83629
92G,J83630
92G,J83633
92G,J83645
92G,J83646
D9Y0V,J84003
D9Y0V,J84004
D9Y0V,J84005
D9Y0V,J84007
D9Y0V,J84008
D9Y0V,J84011
D9Y0V,J84012
D9Y0V,J84013
D9Y0V,J84015
D9Y0V,J84016
D9Y0V,J84017
D9Y0V,J84019
D4U1Y,K81001
15A,K81002
15A,K81003
15A,K81004
15A,K81007
D4U1Y,K81010
15A,K81012
15A,K81014
D4U1Y,K81015
15A,K81017
D4U1Y,K81018
D4U1Y,K81019
D4U1Y,K81020
D4U1Y,K81021
15A,K81022
D4U1Y,K81024
15A,K81025
15A,K81026
15A,K81027
D4U1Y,K81028
D4U1Y,K81030
D4U1Y,K81034
D4U1Y,K81036
15A,K81040
15A,K81041
D4U1Y,K81042
D4U1Y,K81043
15A,K81045
D4U1Y,K81046
15A,K81047
15A,K81048
15A,K81050
15A,K81051
15A,K81052
15A,K81055
15A,K81056
15A,K81057
D4U1Y,K81060
15A,K81062
15A,K81063
D4U1Y,K81066
D4U1Y,K81068
15A,K81069
15A,K81070
15A,K81073
D4U1Y,K81074
D4U1Y,K81075
D4U1Y,K81076
15A,K81077
15A,K81078
15A,K81080
15A,K81081
D4U1Y,K81082
D4U1Y,K81083
D4U1Y,K81084
D4U1Y,K81085
D4U1Y,K81086
D4U1Y,K81087
15A,K81092
D4U1Y,K81094
D4U1Y,K81097
15A,K81100
15A,K81102
15A,K81103
15A,K81605
D4U1Y,K81607
D4U1Y,K81608
D4U1Y,K81610
D4U1Y,K81616
D4U1Y,K81630
15A,K81633
15A,K81636
15A,K81644
D4U1Y,K81645
15A,K81651
D4U1Y,K81655
D4U1Y,K81656
D4U1Y,K81657
14Y,K82001
M1J4Y,K82003
14Y,K82004
14Y,K82006
14Y,K82007
14Y,K82008
M1J4Y,K82009
14Y,K82010
14Y,K82011
14Y,K82012
M1J4Y,K82013
14Y,K82014
M1J4Y,K82015
M1J4Y,K82016
14Y,K82017
14Y,K82019
14Y,K82020
14Y,K82021
14Y,K82022
14Y,K82023
14Y,K82024
M1J4Y,K82025
M1J4Y,K82026
M1J4Y,K82027
14Y,K82028
14Y,K82030
14Y,K82031
M1J4Y,K82032
14Y,K82033
14Y,K82035
14Y,K82036
14Y,K82037
14Y,K82038
M1J4Y,K82039
14Y,K82040
14Y,K82044
14Y,K82045
14Y,K82046
14Y,K82047
14Y,K82048
14Y,K82051
14Y,K82053
M1J4Y,K82054
14Y,K82055
M1J4Y,K82057
14Y,K82058
M1J4Y,K82059
14Y,K82061
M1J4Y,K82064
M1J4Y,K82065
14Y,K82066
14Y,K82068
14Y,K82070
14Y,K82073
14Y,K82078
14Y,K82079
14Y,K82603
M1J4Y,K82610
M1J4Y,K82615
M1J4Y,K82617
14Y,K82618
14Y,K82621
M1J4Y,K82631
M1J4Y,K82633
78H,K83002
78H,K83003
78H,K83005
78H,K83006
78H,K83007
78H,K83008
78H,K83009
78H,K83010
78H,K83011
78H,K83012
78H,K83013
78H,K83014
78H,K83015
06H,K83017
78H,K83018
78H,K83019
78H,K83021
78H,K83022
78H,K83023
78H,K83024
78H,K83025
78H,K83026
78H,K83027
78H,K83028
78H,K83029
78H,K83030
78H,K83031
78H,K83032
78H,K83035
78H,K83036
78H,K83037
78H,K83039
78H,K83040
78H,K83041
78H,K83042
78H,K83043
78H,K83044
78H,K83047
78H,K83048
78H,K83049
78H,K83050
78H,K83051
78H,K83052
78H,K83053
78H,K83055
78H,K83056
78H,K83059
78H,K83064
78H,K83065
78H,K83066
78H,K83068
78H,K83069
78H,K83070
78H,K83076
78H,K83077
78H,K83080
78H,K83081
78H,K83601
78H,K83610
78H,K83614
78H,K83616
78H,K83618
78H,K83620
78H,K83621
78H,K83622
10Q,K84001
10Q,K84002
10Q,K84003
10Q,K84004
10Q,K84006
10Q,K84007
10Q,K84008
10Q,K84009
10Q,K84010
10Q,K84011
92G,K84012
10Q,K84013
10Q,K84014
10Q,K84015
10Q,K84016
10Q,K84017
10Q,K84019
10Q,K84020
10Q,K84021
10Q,K84023
10Q,K84024
10Q,K84026
10Q,K84027
10Q,K84028
10Q,K84030
10Q,K84031
10Q,K84032
10Q,K84033
10Q,K84034
10Q,K84035
10Q,K84036
10Q,K84037
10Q,K84038
10Q,K84041
10Q,K84042
10Q,K84043
10Q,K84044
10Q,K84045
10Q,K84046
10Q,K84047
10Q,K84050
10Q,K84051
10Q,K84052
10Q,K84054
10Q,K84055
10Q,K84056
10Q,K84058
10Q,K84059
10Q,K84060
10Q,K84062
10Q,K84063
10Q,K84065
10Q,K84066
10Q,K84071
10Q,K84072
10Q,K84075
10Q,K84078
10Q,K84079
10Q,K84080
10Q,K84082
10Q,K84605
10Q,K84610
10Q,K84613
10Q,K84618
10Q,K84624
15C,L81004
15C,L81007
15C,L81008
15C,L81009
92G,L81010
15C,L81012
15C,L81013
15C,L81014
15C,L81015
15C,L81016
15C,L81017
15C,L81018
15C,L81019
92G,L81020
15C,L81021
15C,L81022
15C,L81023
15C,L81024
92G,L81025
15C,L81026
92G,L81027
15C,L81029
92G,L81030
15C,L81031
15C,L81033
15C,L81034
15C,L81037
15C,L81038
92G,L81039
15C,L81040
15C,L81041
15C,L81042
15C,L81044
92G,L81045
15C,L81046
15C,L81047
15C,L81050
15C,L81051
15C,L81053
15C,L81054
15C,L81055
15C,L81058
92G,L81059
15C,L81061
15C,L81062
15C,L81063
92G,L81065
15C,L81066
92G,L81068
92G,L81069
92G,L81070
92G,L81071
92G,L81072
92G,L81073
15C,L81075
15C,L81078
15C,L81079
15C,L81081
15C,L81082
15C,L81083
15C,L81084
15C,L81085
15C,L81086
15C,L81087
15C,L81089
15C,L81090
15C,L81091
15C,L81095
15C,L81098
15C,L81103
15C,L81106
15C,L81118
15C,L81120
92G,L81122
92G,L81123
15C,L81125
15C,L81127
15C,L81130
15C,L81131
92G,L81132
15C,L81133
15C,L81600
92G,L81617
15C,L81632
15C,L81642
15C,L81643
92G,L81644
15C,L81669
15C,L81670
11N,L82001
11N,L82003
11N,L82004
11N,L82006
11N,L82007
11N,L82008
11N,L82010
11N,L82011
11N,L82012
11N,L82013
11N,L82015
11N,L82016
11N,L82017
11N,L82018
11N,L82022
11N,L82023
11N,L82025
11N,L82026
11N,L82028
11N,L82029
11N,L82030
11N,L82035
11N,L82036
11N,L82038
11N,L82039
11N,L82041
11N,L82042
11N,L82043
11N,L82044
11N,L82045
11N,L82046
11N,L82047
11N,L82048
11N,L82049
11N,L82050
11N,L82051
11N,L82052
11N,L82054
11N,L82056
11N,L82057
11N,L82058
11N,L82059
11N,L82061
11N,L82066
11N,L82068
11N,L82070
11N,L82620
11N,L82622
15N,L83002
15N,L83003
15N,L83004
15N,L83005
15N,L83006
15N,L83007
15N,L83008
15N,L83010
15N,L83011
15N,L83012
15N,L83013
15N,L83014
15N,L83015
15N,L83016
15N,L83019
15N,L83020
15N,L83021
15N,L83023
15N,L83024
15N,L83025
15N,L83026
15N,L83027
15N,L83028
15N,L83029
15N,L83030
15N,L83031
15N,L83034
15N,L83035
15N,L83036
15N,L83038
15N,L83039
15N,L83040
15N,L83041
15N,L83042
15N,L83043
15N,L83044
15N,L83045
15N,L83046
15N,L83048
15N,L83049
15N,L83050
15N,L83051
15N,L83052
15N,L83054
15N,L83055
15N,L83056
15N,L83057
15N,L83058
15N,L83059
15N,L83064
15N,L83066
15N,L83067
15N,L83069
15N,L83070
15N,L83071
15N,L83072
15N,L83073
15N,L83075
15N,L83076
15N,L83077
15N,L83079
15N,L83081
15N,L83082
15N,L83083
15N,L83084
15N,L83085
15N,L83086
15N,L83087
15N,L83088
15N,L83089
15N,L83092
15N,L83094
15N,L83095
15N,L83096
15N,L83097
15N,L83098
15N,L83099
15N,L83100
15N,L83101
15N,L83102
15N,L83103
15N,L83105
15N,L83106
15N,L83111
15N,L83112
15N,L83113
15N,L83115
15N,L83116
15N,L83118
15N,L83120
15N,L83127
15N,L83128
15N,L83129
15N,L83131
15N,L83134
15N,L83136
15N,L83137
15N,L83143
15N,L83146
15N,L83147
15N,L83148
15N,L83607
15N,L83624
15N,L83628
15N,L83639
15N,L83646
15N,L83648
15N,L83651
15N,L83655
15N,L83663
15N,L83666
15N,L83673
11M,L84003
11M,L84004
11M,L84005
11M,L84006
11M,L84007
11M,L84008
11M,L84009
11M,L84010
11M,L84011
11M,L84012
11M,L84014
11M,L84015
11M,L84016
11M,L84018
11M,L84021
11M,L84022
11M,L84023
11M,L84024
11M,L84025
11M,L84026
11M,L84027
11M,L84028
11M,L84029
11M,L84030
11M,L84031
11M,L84033
11M,L84034
11M,L84036
11M,L84037
11M,L84038
11M,L84039
11M,L84040
11M,L84041
11M,L84043
11M,L84045
11M,L84046
11M,L84047
11M,L84048
11M,L84049
11M,L84050
11M,L84051
11M,L84052
11M,L84053
11M,L84054
11M,L84058
11M,L84059
11M,L84060
11M,L84063
11M,L84065
11M,L84067
11M,L84068
11M,L84072
11M,L84075
11M,L84077
11M,L84080
11M,L84081
11M,L84084
11M,L84085
11M,L84606
11M,L84613
11M,L84617
11X,L85001
11X,L85002
11X,L85003
11X,L85004
11X,L85006
11X,L85007
11X,L85008
11X,L85009
11X,L85011
11X,L85012
11X,L85013
11X,L85014
11X,L85015
11X,L85016
11X,L85017
11X,L85018
11X,L85019
11X,L85020
11X,L85021
11X,L85022
11X,L85023
11X,L85024
11X,L85025
11X,L85026
11X,L85027
11X,L85029
11X,L85030
11X,L85031
11X,L85032
11X,L85033
11X,L85034
11X,L85035
11X,L85036
11X,L85037
11X,L85038
11X,L85039
11X,L85040
11X,L85042
11X,L85043
11X,L85044
11X,L85046
11X,L85047
11X,L85051
11X,L85052
11X,L85053
11X,L85054
11X,L85055
11X,L85056
11X,L85061
11X,L85062
11X,L85064
11X,L85065
11X,L85066
11X,L85601
11X,L85607
11X,L85609
11X,L85611
11X,L85624
18C,M81001
18C,M81002
18C,M81004
18C,M81005
18C,M81006
18C,M81007
18C,M81008
18C,M81009
18C,M81010
18C,M81011
18C,M81012
18C,M81015
18C,M81016
18C,M81017
18C,M81018
18C,M81019
18C,M81020
18C,M81021
18C,M81022
18C,M81024
18C,M81025
18C,M81026
18C,M81027
18C,M81029
18C,M81032
18C,M81033
18C,M81034
18C,M81035
18C,M81037
18C,M81038
18C,M81039
18C,M81040
18C,M81041
18C,M81042
18C,M81043
18C,M81044
18C,M81045
18C,M81046
18C,M81047
18C,M81048
18C,M81049
18C,M81054
18C,M81055
18C,M81056
18C,M81057
18C,M81058
18C,M81061
18C,M81063
18C,M81064
18C,M81066
18C,M81067
18C,M81068
18C,M81069
18C,M81070
18C,M81072
18C,M81074
18C,M81075
18C,M81076
18C,M81077
18C,M81078
18C,M81081
18C,M81082
18C,M81083
18C,M81084
18C,M81090
18C,M81091
18C,M81092
18C,M81093
18C,M81094
18C,M81600
18C,M81604
18C,M81605
18C,M81608
18C,M81616
18C,M81617
18C,M81627
18C,M81629
M2L0M,M82002
M2L0M,M82003
M2L0M,M82004
M2L0M,M82005
M2L0M,M82006
M2L0M,M82007
M2L0M,M82008
M2L0M,M82009
M2L0M,M82010
M2L0M,M82011
M2L0M,M82012
M2L0M,M82013
M2L0M,M82014
M2L0M,M82016
M2L0M,M82017
M2L0M,M82018
M2L0M,M82019
M2L0M,M82020
M2L0M,M82021
M2L0M,M82022
M2L0M,M82023
M2L0M,M82024
M2L0M,M82025
M2L0M,M82026
M2L0M,M82028
M2L0M,M82030
M2L0M,M82032
M2L0M,M82033
M2L0M,M82034
M2L0M,M82035
M2L0M,M82038
M2L0M,M82039
M2L0M,M82040
M2L0M,M82041
M2L0M,M82042
M2L0M,M82043
M2L0M,M82046
M2L0M,M82047
M2L0M,M82048
M2L0M,M82051
M2L0M,M82056
M2L0M,M82057
M2L0M,M82058
M2L0M,M82059
M2L0M,M82060
M2L0M,M82601
M2L0M,M82606
M2L0M,M82616
M2L0M,M82620
04Y,M83001
05W,M83004
05G,M83005
05Q,M83006
05G,M83007
05V,M83009
05D,M83010
05G,M83011
05G,M83012
05D,M83013
05W,M83014
05G,M83015
04Y,M83016
05G,M83017
05Q,M83018
05V,M83020
05W,M83021
05V,M83022
05G,M83023
05V,M83024
05G,M83025
05D,M83026
05D,M83027
05W,M83028
05Q,M83030
05Q,M83031
05Q,M83032
04Y,M83033
05G,M83034
05D,M83035
05V,M83036
05D,M83037
05W,M83038
05D,M83042
05V,M83044
05V,M83045
05G,M83046
05W,M83047
04Y,M83048
05V,M83049
05V,M83050
05D,M83051
05V,M83052
05G,M83054
05G,M83056
05V,M83057
05D,M83059
05W,M83061
05Q,M83062
04Y,M83063
05D,M83065
05W,M83066
05G,M83067
05W,M83068
05V,M83069
05V,M83070
05G,M83071
05Q,M83072
05D,M83073
05D,M83074
05W,M83075
05W,M83076
05G,M83079
05G,M83084
05Q,M83088
05G,M83089
05W,M83090
05V,M83092
05Q,M83093
05W,M83094
05G,M83096
05Q,M83097
05W,M83100
05W,M83102
05G,M83103
04Y,M83107
05G,M83108
04Y,M83109
05Q,M83110
05Q,M83111
05Q,M83113
05Q,M83117
05G,M83121
05G,M83122
05W,M83123
05Q,M83125
05W,M83126
05W,M83127
04Y,M83129
04Y,M83130
05Q,M83132
05W,M83138
04Y,M83139
05G,M83140
05G,M83141
05W,M83143
05W,M83146
05Q,M83148
05W,M83601
04Y,M83608
04Y,M83616
05Q,M83617
05W,M83619
05W,M83624
05W,M83625
05W,M83627
05W,M83632
04Y,M83637
04Y,M83638
05G,M83640
05D,M83641
05W,M83650
05W,M83661
05Q,M83668
05G,M83670
05D,M83680
05D,M83681
05W,M83682
05G,M83691
05Q,M83693
05G,M83697
04Y,M83698
05G,M83701
04Y,M83703
05W,M83709
05W,M83711
05W,M83713
05Q,M83715
04Y,M83717
05D,M83718
04Y,M83719
05G,M83723
05W,M83725
04Y,M83727
04Y,M83738
B2M3M,M84001
B2M3M,M84002
B2M3M,M84003
B2M3M,M84004
B2M3M,M84005
B2M3M,M84006
B2M3M,M84007
B2M3M,M84008
B2M3M,M84009
B2M3M,M84010
B2M3M,M84011
B2M3M,M84012
B2M3M,M84013
B2M3M,M84014
B2M3M,M84015
B2M3M,M84016
B2M3M,M84017
B2M3M,M84018
B2M3M,M84019
B2M3M,M84020
B2M3M,M84021
B2M3M,M84022
B2M3M,M84023
B2M3M,M84024
B2M3M,M84025
B2M3M,M84026
B2M3M,M84028
B2M3M,M84029
B2M3M,M84030
B2M3M,M84031
B2M3M,M84032
B2M3M,M84034
B2M3M,M84035
B2M3M,M84036
B2M3M,M84037
B2M3M,M84040
B2M3M,M84041
B2M3M,M84042
B2M3M,M84044
B2M3M,M84046
B2M3M,M84047
B2M3M,M84049
B2M3M,M84050
B2M3M,M84051
B2M3M,M84055
B2M3M,M84059
B2M3M,M84060
B2M3M,M84061
B2M3M,M84062
B2M3M,M84063
B2M3M,M84064
B2M3M,M84065
B2M3M,M84066
B2M3M,M84067
B2M3M,M84069
B2M3M,M84070
B2M3M,M84609
B2M3M,M84612
B2M3M,M84615
B2M3M,M84616
B2M3M,M84618
B2M3M,M84620
B2M3M,M84621
B2M3M,M84627
B2M3M,M84629
15E,M85001
15E,M85005
15E,M85006
15E,M85007
15E,M85009
15E,M85011
15E,M85013
15E,M85014
15E,M85016
15E,M85018
15E,M85019
15E,M85020
15E,M85021
15E,M85023
15E,M85024
15E,M85025
15E,M85026
15E,M85027
15E,M85028
15E,M85029
15E,M85030
15E,M85031
15E,M85033
15E,M85034
15E,M85035
15E,M85037
15E,M85041
15E,M85042
15E,M85043
15E,M85046
15E,M85047
15E,M85048
15E,M85051
15E,M85053
15E,M85055
15E,M85056
15E,M85058
15E,M85060
15E,M85061
15E,M85062
15E,M85063
15E,M85065
15E,M85066
15E,M85070
15E,M85071
15E,M85074
15E,M85076
15E,M85077
15E,M85078
15E,M85079
15E,M85081
15E,M85082
15E,M85084
15E,M85086
15E,M85087
15E,M85088
15E,M85094
15E,M85097
15E,M85098
15E,M85105
15E,M85107
15E,M85108
15E,M85110
15E,M85113
15E,M85115
15E,M85116
15E,M85117
15E,M85118
15E,M85123
15E,M85124
15E,M85128
15E,M85136
15E,M85139
15E,M85141
15E,M85143
15E,M85145
15E,M85146
15E,M85149
15E,M85153
15E,M85154
15E,M85155
15E,M85156
15E,M85158
15E,M85164
15E,M85167
15E,M85170
15E,M85171
15E,M85172
15E,M85174
15E,M85175
15E,M85176
15E,M85177
15E,M85178
15E,M85179
15E,M85600
15E,M85624
15E,M85634
15E,M85642
15E,M85669
15E,M85670
15E,M85676
15E,M85679
15E,M85680
15E,M85684
15E,M85686
15E,M85693
15E,M85694
15E,M85697
15E,M85699
15E,M85701
15E,M85706
15E,M85711
15E,M85713
15E,M85715
15E,M85716
15E,M85717
15E,M85721
15E,M85722
15E,M85730
15E,M85732
15E,M85733
15E,M85735
15E,M85736
15E,M85739
15E,M85746
15E,M85749
15E,M85756
15E,M85757
15E,M85759
15E,M85766
15E,M85770
15E,M85774
15E,M85778
15E,M85779
15E,M85781
15E,M85783
15E,M85792
15E,M85794
15E,M85797
15E,M85803
B2M3M,M86001
B2M3M,M86002
B2M3M,M86003
B2M3M,M86004
B2M3M,M86005
B2M3M,M86006
B2M3M,M86007
B2M3M,M86008
B2M3M,M86009
B2M3M,M86010
B2M3M,M86012
B2M3M,M86014
B2M3M,M86015
B2M3M,M86016
B2M3M,M86017
B2M3M,M86018
B2M3M,M86019
B2M3M,M86020
B2M3M,M86021
B2M3M,M86027
B2M3M,M86028
B2M3M,M86029
B2M3M,M86030
B2M3M,M86032
B2M3M,M86033
B2M3M,M86034
B2M3M,M86035
B2M3M,M86037
B2M3M,M86038
B2M3M,M86039
B2M3M,M86040
B2M3M,M86041
B2M3M,M86044
B2M3M,M86045
B2M3M,M86046
B2M3M,M86048
B2M3M,M86605
B2M3M,M86610
B2M3M,M86612
B2M3M,M86617
B2M3M,M86622
B2M3M,M86624
B2M3M,M86627
B2M3M,M86633
B2M3M,M86638
D2P2L,M87001
D2P2L,M87003
D2P2L,M87005
D2P2L,M87006
D2P2L,M87007
D2P2L,M87008
D2P2L,M87009
D2P2L,M87010
D2P2L,M87011
D2P2L,M87012
D2P2L,M87013
D2P2L,M87014
D2P2L,M87015
D2P2L,M87016
D2P2L,M87017
D2P2L,M87018
D2P2L,M87019
D2P2L,M87020
D2P2L,M87021
D2P2L,M87023
D2P2L,M87024
D2P2L,M87025
D2P2L,M87026
D2P2L,M87027
D2P2L,M87028
D2P2L,M87030
D2P2L,M87034
D2P2L,M87036
D2P2L,M87037
D2P2L,M87041
D2P2L,M87601
D2P2L,M87602
D2P2L,M87605
D2P2L,M87612
D2P2L,M87617
D2P2L,M87618
D2P2L,M87620
D2P2L,M87623
D2P2L,M87628
D2P2L,M87638
D2P2L,M88001
D2P2L,M88002
D2P2L,M88003
D2P2L,M88004
D2P2L,M88006
D2P2L,M88007
D2P2L,M88008
D2P2L,M88009
D2P2L,M88010
D2P2L,M88013
D2P2L,M88014
D2P2L,M88015
D2P2L,M88016
D2P2L,M88018
D2P2L,M88019
15E,M88020
D2P2L,M88021
D2P2L,M88022
D2P2L,M88023
D2P2L,M88026
D2P2L,M88030
D2P2L,M88035
D2P2L,M88038
D2P2L,M88040
D2P2L,M88041
D2P2L,M88042
D2P2L,M88043
D2P2L,M88600
D2P2L,M88610
D2P2L,M88612
D2P2L,M88616
D2P2L,M88618
D2P2L,M88619
D2P2L,M88620
D2P2L,M88625
D2P2L,M88626
D2P2L,M88628
D2P2L,M88630
D2P2L,M88633
D2P2L,M88635
D2P2L,M88639
D2P2L,M88640
D2P2L,M88643
D2P2L,M88645
D2P2L,M88646
D2P2L,M88647
15E,M89001
15E,M89002
15E,M89003
15E,M89005
15E,M89007
15E,M89008
15E,M89009
15E,M89010
15E,M89012
15E,M89013
15E,M89015
15E,M89016
15E,M89017
15E,M89019
15E,M89021
15E,M89024
15E,M89026
15E,M89027
15E,M89030
15E,M89608
D2P2L,M91003
D2P2L,M91004
D2P2L,M91006
D2P2L,M91007
D2P2L,M91008
D2P2L,M91009
D2P2L,M91010
D2P2L,M91013
D2P2L,M91014
D2P2L,M91015
D2P2L,M91016
D2P2L,M91017
D2P2L,M91018
D2P2L,M91019
D2P2L,M91021
D2P2L,M91024
D2P2L,M91026
D2P2L,M91028
D2P2L,M91029
D2P2L,M91032
D2P2L,M91033
D2P2L,M91034
D2P2L,M91036
D2P2L,M91602
D2P2L,M91609
D2P2L,M91611
D2P2L,M91612
D2P2L,M91613
D2P2L,M91614
D2P2L,M91616
D2P2L,M91619
D2P2L,M91621
D2P2L,M91623
D2P2L,M91624
D2P2L,M91626
D2P2L,M91628
D2P2L,M91629
D2P2L,M91637
D2P2L,M91639
D2P2L,M91640
D2P2L,M91641
15E,M91642
D2P2L,M91647
D2P2L,M91650
D2P2L,M91654
D2P2L,M91659
D2P2L,M92001
D2P2L,M92004
D2P2L,M92006
D2P2L,M92008
D2P2L,M92009
D2P2L,M92010
D2P2L,M92011
D2P2L,M92012
D2P2L,M92013
D2P2L,M92015
D2P2L,M92016
D2P2L,M92019
D2P2L,M92022
D2P2L,M92026
D2P2L,M92028
D2P2L,M92029
D2P2L,M92039
D2P2L,M92040
D2P2L,M92041
D2P2L,M92043
D2P2L,M92607
D2P2L,M92609
D2P2L,M92612
D2P2L,M92627
D2P2L,M92629
D2P2L,M92630
D2P2L,M92649
D2P2L,M92654
27D,N81001
27D,N81002
27D,N81005
27D,N81006
02E,N81007
27D,N81008
27D,N81009
27D,N81010
01F,N81011
02E,N81012
27D,N81013
02E,N81014
27D,N81016
27D,N81018
01F,N81019
02E,N81020
27D,N81022
27D,N81024
27D,N81025
27D,N81027
02E,N81028
27D,N81029
27D,N81030
27D,N81031
27D,N81032
27D,N81033
27D,N81034
01F,N81035
02E,N81036
01F,N81037
27D,N81038
27D,N81039
27D,N81040
02E,N81041
27D,N81043
27D,N81044
01F,N81045
27D,N81046
27D,N81047
02E,N81048
27D,N81049
27D,N81050
27D,N81051
27D,N81052
27D,N81053
01F,N81054
27D,N81055
02E,N81056
01F,N81057
02E,N81059
27D,N81060
27D,N81061
27D,N81062
27D,N81063
01F,N81064
02E,N81065
01F,N81066
27D,N81067
27D,N81068
27D,N81069
27D,N81070
27D,N81071
01F,N81072
27D,N81074
02E,N81075
27D,N81077
27D,N81079
27D,N81080
27D,N81081
27D,N81082
02E,N81083
27D,N81084
27D,N81085
27D,N81086
27D,N81087
27D,N81088
02E,N81089
27D,N81090
27D,N81092
27D,N81093
01F,N81096
02E,N81097
27D,N81100
27D,N81101
27D,N81102
02E,N81107
02E,N81108
02E,N81109
27D,N81111
27D,N81113
02E,N81114
27D,N81115
27D,N81117
27D,N81118
01F,N81119
27D,N81120
27D,N81121
02E,N81122
27D,N81123
27D,N81125
27D,N81127
27D,N81607
27D,N81614
01F,N81619
02E,N81623
27D,N81624
27D,N81626
02E,N81628
27D,N81632
02E,N81637
27D,N81642
02E,N81645
01F,N81651
27D,N81655
99A,N82001
99A,N82002
99A,N82003
99A,N82004
99A,N82009
99A,N82011
99A,N82014
99A,N82018
99A,N82019
99A,N82022
99A,N82024
99A,N82026
99A,N82033
99A,N82034
99A,N82035
99A,N82036
99A,N82037
99A,N82039
99A,N82041
99A,N82046
99A,N82048
99A,N82049
99A,N82050
99A,N82052
99A,N82053
99A,N82054
99A,N82058
99A,N82059
99A,N82062
99A,N82065
99A,N82066
99A,N82067
99A,N82070
99A,N82073
99A,N82074
99A,N82076
99A,N82077
99A,N82078
99A,N82079
99A,N82081
99A,N82082
99A,N82083
99A,N82084
99A,N82086
99A,N82087
99A,N82089
99A,N82090
99A,N82091
99A,N82092
99A,N82093
99A,N82094
99A,N82095
99A,N82097
99A,N82099
99A,N82101
99A,N82103
99A,N82104
99A,N82106
99A,N82107
99A,N82108
99A,N82109
99A,N82110
99A,N82113
99A,N82115
99A,N82116
99A,N82117
99A,N82617
99A,N82633
99A,N82641
99A,N82645
99A,N82646
99A,N82648
99A,N82650
99A,N82651
99A,N82655
99A,N82662
99A,N82663
99A,N82664
99A,N82668
99A,N82669
99A,N82671
99A,N82676
99A,N82678
01X,N83001
01X,N83002
01X,N83003
01X,N83005
01X,N83006
01X,N83007
01X,N83008
01J,N83009
01X,N83010
01X,N83012
01J,N83013
01J,N83014
01X,N83017
01J,N83018
01X,N83019
01X,N83020
01X,N83021
01X,N83023
01J,N83024
01J,N83025
01X,N83026
01X,N83027
01J,N83028
01J,N83030
01J,N83031
01J,N83032
01J,N83033
01X,N83035
01X,N83041
01J,N83043
01J,N83047
01X,N83049
01X,N83050
01X,N83053
01X,N83054
01J,N83601
01J,N83603
01J,N83605
01J,N83608
01J,N83609
01J,N83610
01X,N83614
01J,N83619
01X,N83620
01J,N83621
01J,N83622
01J,N83633
01X,N83637
01T,N84001
01T,N84002
01T,N84003
01T,N84004
01V,N84005
01V,N84006
01T,N84007
01V,N84008
01T,N84010
01T,N84011
01V,N84012
01V,N84013
01V,N84014
01T,N84015
01T,N84016
01V,N84017
01V,N84018
01T,N84019
01T,N84020
01V,N84021
01T,N84023
01V,N84024
01T,N84025
01T,N84027
01T,N84028
01T,N84029
01T,N84034
01T,N84035
01T,N84038
01T,N84041
01T,N84605
01V,N84613
01V,N84614
01T,N84615
01V,N84617
01T,N84621
01V,N84625
01T,N84626
12F,N85002
12F,N85005
12F,N85006
12F,N85007
12F,N85008
12F,N85012
12F,N85013
12F,N85015
12F,N85016
12F,N85017
12F,N85018
12F,N85019
12F,N85020
12F,N85021
12F,N85022
12F,N85023
12F,N85024
12F,N85025
12F,N85027
12F,N85028
12F,N85031
12F,N85032
12F,N85037
12F,N85038
12F,N85044
12F,N85046
12F,N85047
12F,N85048
12F,N85051
12F,N85052
12F,N85054
12F,N85057
12F,N85059
12F,N85616
12F,N85617
12F,N85620
12F,N85625
12F,N85629
12F,N85633
12F,N85634
12F,N85640
12F,N85643
12F,N85648
01K,P81002
01A,P81003
00Q,P81005
02M,P81006
01A,P81008
00X,P81010
01K,P81013
02G,P81014
01E,P81015
00R,P81016
01A,P81017
01E,P81018
01A,P81020
00Q,P81022
01A,P81025
01A,P81027
01K,P81029
02M,P81031
01A,P81032
00X,P81033
01A,P81035
01A,P81036
02M,P81037
00X,P81038
02G,P81039
01E,P81040
02G,P81041
00R,P81042
00R,P81043
00X,P81044
02G,P81045
01E,P81046
01A,P81047
00Q,P81051
01A,P81053
00R,P81054
01E,P81055
00X,P81057
00Q,P81058
02M,P81059
00Q,P81061
00X,P81062
00R,P81063
01A,P81065
00R,P81066
01E,P81067
01A,P81069
01A,P81070
01E,P81071
00R,P81072
00R,P81073
00R,P81074
00X,P81076
02M,P81077
01A,P81078
02M,P81079
00R,P81081
00X,P81082
00X,P81083
02G,P81084
02M,P81086
02M,P81087
01A,P81088
02M,P81089
00R,P81092
01A,P81095
02G,P81096
01A,P81099
01A,P81100
01E,P81103
01E,P81107
02G,P81112
01K,P81113
00R,P81115
00X,P81117
01A,P81118
01E,P81119
01A,P81123
00Q,P81125
00X,P81127
02M,P81128
02M,P81129
01A,P81130
01A,P81132
02M,P81133
02G,P81136
01A,P81137
02G,P81138
00Q,P81140
00X,P81143
01A,P81147
02M,P81149
02M,P81150
00X,P81154
00Q,P81155
02M,P81157
00R,P81159
01A,P81160
01A,P81165
01A,P81166
00Q,P81167
01E,P81169
01A,P81170
00X,P81171
00R,P81172
01E,P81179
00X,P81180
00X,P81181
01A,P81182
01E,P81184
01E,P81185
00X,P81186
02M,P81191
01E,P81196
01A,P81197
02G,P81201
02G,P81208
01A,P81212
01E,P81213
00Q,P81214
01A,P81218
01A,P81620
00Q,P81622
00Q,P81633
02G,P81646
01E,P81647
00X,P81655
01E,P81664
02M,P81668
02G,P81674
00R,P81681
00Q,P81683
01E,P81685
01A,P81686
00X,P81687
00X,P81692
00Q,P81694
02G,P81695
01A,P81699
00X,P81701
00Q,P81704
00Q,P81707
00Q,P81709
02G,P81710
01A,P81711
00R,P81714
00Q,P81721
00Q,P81724
01A,P81726
01A,P81730
01A,P81731
01A,P81732
00Q,P81734
01E,P81735
01A,P81736
00X,P81740
00X,P81741
02M,P81742
01E,P81748
01A,P81755
01A,P81757
01E,P81770
00Q,P81771
01A,P81780
00T,P82001
00T,P82002
00T,P82003
00T,P82004
00T,P82005
00T,P82006
00T,P82007
00T,P82008
00T,P82009
00T,P82010
00T,P82011
00T,P82012
00T,P82013
00T,P82014
00T,P82015
00T,P82016
00T,P82018
00T,P82020
00T,P82021
00T,P82022
00T,P82023
00T,P82025
00T,P82029
00T,P82030
00T,P82031
00T,P82033
00T,P82034
00T,P82036
00T,P82037
00T,P82607
00T,P82609
00T,P82613
00T,P82616
00T,P82624
00T,P82625
00T,P82626
00T,P82627
00T,P82629
00T,P82633
00T,P82634
00T,P82640
00T,P82643
00T,P82652
00T,P82660
00V,P83001
00V,P83004
00V,P83005
00V,P83006
00V,P83007
00V,P83009
00V,P83010
00V,P83011
00V,P83012
00V,P83015
00V,P83017
00V,P83021
00V,P83024
00V,P83025
00V,P83027
00V,P83603
00V,P83605
00V,P83608
00V,P83609
00V,P83611
00V,P83612
00V,P83620
00V,P83621
00V,P83623
14L,P84004
14L,P84005
14L,P84009
14L,P84010
14L,P84012
14L,P84014
14L,P84016
14L,P84017
14L,P84018
14L,P84019
14L,P84020
14L,P84021
14L,P84022
14L,P84023
14L,P84024
14L,P84025
14L,P84026
14L,P84027
14L,P84028
14L,P84029
14L,P84030
14L,P84032
14L,P84033
14L,P84034
14L,P84035
14L,P84037
14L,P84038
14L,P84039
14L,P84040
14L,P84041
14L,P84042
14L,P84043
14L,P84045
14L,P84046
14L,P84047
14L,P84048
14L,P84049
14L,P84050
14L,P84051
14L,P84052
14L,P84053
14L,P84054
14L,P84056
14L,P84059
14L,P84061
14L,P84064
14L,P84065
14L,P84066
14L,P84067
14L,P84068
14L,P84070
14L,P84071
14L,P84072
14L,P84074
14L,P84605
14L,P84611
14L,P84626
14L,P84630
14L,P84635
14L,P84637
14L,P84639
14L,P84644
14L,P84645
14L,P84650
14L,P84651
14L,P84663
14L,P84665
14L,P84669
14L,P84672
14L,P84673
14L,P84678
14L,P84679
14L,P84683
14L,P84684
14L,P84689
14L,P84690
00Y,P85002
00Y,P85003
00Y,P85004
00Y,P85005
00Y,P85007
00Y,P85010
00Y,P85011
00Y,P85012
00Y,P85013
00Y,P85014
00Y,P85015
00Y,P85016
00Y,P85017
00Y,P85018
00Y,P85019
00Y,P85020
00Y,P85021
00Y,P85022
00Y,P85026
00Y,P85601
00Y,P85605
00Y,P85606
00Y,P85608
00Y,P85610
00Y,P85612
00Y,P85614
00Y,P85615
00Y,P85622
01D,P86001
01D,P86002
01D,P86003
01D,P86004
01D,P86005
01D,P86006
01D,P86007
01D,P86008
01D,P86009
01D,P86010
01D,P86011
01D,P86012
01D,P86013
01D,P86014
01D,P86015
01D,P86016
01D,P86017
01D,P86018
01D,P86019
01D,P86021
01D,P86022
01D,P86023
01D,P86026
01D,P86602
01D,P86606
01D,P86608
01D,P86609
01D,P86614
01D,P86619
01D,P86620
01D,P86624
01G,P87002
01G,P87004
01G,P87008
01G,P87015
01G,P87016
01G,P87017
01G,P87019
01G,P87020
01G,P87022
01G,P87024
01G,P87025
01G,P87026
01G,P87027
01G,P87028
01G,P87032
01G,P87035
01G,P87040
01G,P87610
01G,P87613
01G,P87620
01G,P87624
01G,P87625
01G,P87627
01G,P87630
01G,P87634
01G,P87639
01G,P87648
01G,P87649
01G,P87654
01G,P87657
01G,P87658
01G,P87661
01W,P88002
01W,P88003
01W,P88005
01W,P88006
01W,P88007
01W,P88008
01W,P88009
01W,P88011
01W,P88012
01W,P88013
01W,P88014
01W,P88015
01W,P88016
01W,P88017
01W,P88018
01W,P88019
01W,P88020
01W,P88021
01W,P88023
01W,P88024
01W,P88025
01W,P88026
01W,P88031
01W,P88041
01W,P88042
01W,P88043
01W,P88044
01W,P88606
01W,P88615
01W,P88623
01W,P88625
01W,P88632
01Y,P89002
01Y,P89003
01Y,P89004
01Y,P89005
00Y,P89006
01Y,P89007
01Y,P89008
01Y,P89010
01Y,P89011
01Y,P89012
01Y,P89013
01Y,P89014
01Y,P89015
01Y,P89016
01Y,P89018
01Y,P89020
01Y,P89021
01Y,P89022
01Y,P89023
01Y,P89025
01Y,P89026
01Y,P89029
01Y,P89030
01Y,P89602
01Y,P89609
01Y,P89612
01Y,P89613
01Y,P89618
02A,P91003
02A,P91004
02A,P91006
02A,P91007
02A,P91008
02A,P91009
02A,P91011
02A,P91012
02A,P91013
02A,P91014
02A,P91016
02A,P91017
02A,P91018
02A,P91019
02A,P91020
02A,P91021
02A,P91026
02A,P91029
02A,P91035
02A,P91603
02A,P91604
02A,P91617
02A,P91623
02A,P91627
02A,P91629
02A,P91631
02H,P92001
02H,P92002
02H,P92003
02H,P92004
02H,P92005
02H,P92006
02H,P92007
02H,P92008
02H,P92010
02H,P92011
02H,P92012
02H,P92014
02H,P92015
02H,P92016
02H,P92017
02H,P92019
02H,P92020
02H,P92021
02H,P92023
02H,P92024
02H,P92026
02H,P92028
02H,P92029
02H,P92030
02H,P92031
02H,P92033
02H,P92034
02H,P92038
02H,P92041
02H,P92042
02H,P92602
02H,P92605
02H,P92607
02H,P92615
02H,P92620
02H,P92621
02H,P92626
02H,P92630
02H,P92633
02H,P92634
02H,P92635
02H,P92637
02H,P92639
02H,P92642
02H,P92646
02H,P92647
02H,P92648
02H,P92651
72Q,Y00020
52R,Y00026
07G,Y00033
02H,Y00050
06H,Y00056
93C,Y00057
B2M3M,Y00060
05D,Y00078
97R,Y00080
A3A8R,Y00090
04C,Y00137
B2M3M,Y00140
A3A8R,Y00155
15E,Y00159
13T,Y00184
06H,Y00185
00T,Y00186
W2U3Z,Y00200
W2U3Z,Y00206
D2P2L,Y00228
04V,Y00252
D4U1Y,Y00265
D2P2L,Y00278
16C,Y00286
06Q,Y00293
26A,Y00297
A3A8R,Y00312
93C,Y00316
04C,Y00344
00X,Y00347
70F,Y00351
W2U3Z,Y00352
78H,Y00399
A3A8R,Y00403
02P,Y00411
15E,Y00412
D4U1Y,Y00437
01G,Y00445
01T,Y00446
99E,Y00469
15E,Y00471
01X,Y00475
06H,Y00486
15E,Y00492
W2U3Z,Y00507
M1J4Y,Y00560
15N,Y00568
93C,Y00612
01D,Y00726
99E,Y00758
07K,Y00774
W2U3Z,Y00902
A3A8R,Y00918
11N,Y00969
B2M3M,Y00996
07G,Y00999
01K,Y01008
W2U3Z,Y01011
11N,Y01050
11N,Y01051
15E,Y01057
93C,Y01066
15E,Y01068
W2U3Z,Y01090
02E,Y01108
36J,Y01118
11N,Y01127
36L,Y01132
11X,Y01163
36L,Y01206
W2U3Z,Y01221
A3A8R,Y01280
D9Y0V,Y01281
A3A8R,Y01291
71E,Y01652
93C,Y01655
14L,Y01695
A3A8R,Y01719
D2P2L,Y01756
06L,Y01794
A3A8R,Y01795
15M,Y01812
A3A8R,Y01839
11N,Y01922
M2L0M,Y01929
03H,Y01948
14Y,Y01964
15F,Y02002
27D,Y02045
93C,Y02117
99G,Y02177
D2P2L,Y02212
02H,Y02274
00T,Y02319
02H,Y02322
14L,Y02325
M1J4Y,Y02332
W2U3Z,Y02342
04Y,Y02354
02H,Y02378
36L,Y02423
M1J4Y,Y02463
00X,Y02466
04C,Y02469
15A,Y02476
15F,Y02494
01X,Y02510
11N,Y02517
11M,Y02519
14L,Y02520
05W,Y02521
15E,Y02567
15E,Y02571
A3A8R,Y02575
15C,Y02578
01Y,Y02586
W2U3Z,Y02589
04Y,Y02594
01A,Y02605
01A,Y02606
06Q,Y02611
01G,Y02622
01G,Y02625
D2P2L,Y02626
D2P2L,Y02627
15N,Y02633
D2P2L,Y02636
06K,Y02639
06T,Y02646
D2P2L,Y02653
00Q,Y02657
01Y,Y02663
42D,Y02669
W2U3Z,Y02671
W2U3Z,Y02672
93C,Y02674
09D,Y02676
03H,Y02684
04C,Y02686
W2U3Z,Y02692
99G,Y02707
01Y,Y02713
01D,Y02718
01D,Y02720
01D,Y02721
D2P2L,Y02736
26A,Y02751
00Y,Y02753
00V,Y02755
D2P2L,Y02757
01G,Y02767
06H,Y02769
00T,Y02790
15E,Y02794
01D,Y02795
07G,Y02807
72Q,Y02811
00Y,Y02827
W2U3Z,Y02842
52R,Y02847
14L,Y02849
05W,Y02867
15C,Y02873
00Y,Y02875
02H,Y02885
02H,Y02886
14L,Y02890
15E,Y02893
M1J4Y,Y02900
W2U3Z,Y02906
A3A8R,Y02928
01Y,Y02936
36L,Y02946
14L,Y02960
A3A8R,Y02973
72Q,Y02974
93C,Y02986
A3A8R,Y02987
A3A8R,Y03023
93C,Y03035
A3A8R,Y03049
99E,Y03052
72Q,Y03063
00T,Y03079
93C,Y03103
52R,Y03124
93C,Y03135
26A,Y03222
00T,Y03366
93C,Y03402
W2U3Z,Y03441
26A,Y03595
15E,Y03597
18C,Y03602
93C,Y03663
93C,Y03664
72Q,Y03755
W2U3Z,Y04225
X2C4Y,Y04266
A3A8R,Y04273
15N,Y04662
27D,Y04664
02P,Y04809
B2M3M,Y04882
B2M3M,Y04884
02E,Y04925
11N,Y04957
B2M3M,Y04965
B2M3M,Y04969
15M,Y04977
15M,Y04995
06Q,Y05023
W2U3Z,Y05080
02X,Y05167
11M,Y05212
02P,Y05248
15M,Y05286
36L,Y05317
36L,Y05318
93C,Y05330
02Q,Y05346
03N,Y05349
02P,Y05363
02P,Y05364
52R,Y05369
52R,Y05622
52R,Y05690
15M,Y05733
27D,Y05750
15E,Y05826
36L,Y05857
09D,Y06007
72Q,Y06113
B2M3M,Y06218
26A,Y06275
72Q,Y06345
52R,Y06356
15E,Y06378
06Q,Y06389
52R,Y06443
72Q,Y06545
A3A8R,Y06592
X2C4Y,Y06659
52R,Y06792
M1J4Y,Y06810
D9Y0V,Y07014
72Q,Y07020
06H,Y07025
06H,Y07057
06H,Y07059
06H,Y07060
X2C4Y,Y07275
02H,Y07697
A3A8R,Y08371
72Q,Y0841116C,A81634
13T,A85023
99C,A87006
99C,A87019
99C,A87600
02Y,B81042
03F,B81052
03K,B81065
03F,B81675
42D,B82091
36J,B83621
15M,C81028
15M,C81074
15M,C81077
52R,C84103
02X,C86606
06H,D81023
06H,D81085
26A,D82004
26A,D82060
07K,D83064
06N,E82064
W2U3Z,E85617
W2U3Z,E87691
99E,F81651
A3A8R,F86703
91Q,G82064
91Q,G82653
91Q,G82681
91Q,G82809
72Q,G83047
72Q,G85020
72Q,G85047
72Q,G85711
92A,H81613
36L,H85691
92G,J81083
D9Y0V,J82022
D9Y0V,J82063
D9Y0V,J82089
D4U1Y,K81005
14Y,K82029
14Y,K82049
78H,K83020
15C,L81117
15C,L81649
15N,L83657
11M,L84069
11X,L85010
11X,L85048
11X,L85050
B2M3M,M84043
15E,M85002
15E,M85069
15E,M85134
D2P2L,M87621
D2P2L,M91660
D2P2L,M92640
01X,N83045
01X,N83624
01V,N84037
01T,N84043
01T,N84630
01G,P87651
02H,Y02321
03F,Y02747
03K,Y02787
00Y,Y02933
26A,Y05291
16C,A81634
03F,B81645
W2U3Z,E87007
26A,Y01690
W2U3Z,Y06487
